-- phpMyAdmin SQL Dump
-- version 5.1.0
-- https://www.phpmyadmin.net/
--
-- Host: 127.0.0.1
-- Generation Time: Oct 28, 2021 at 12:39 PM
-- Server version: 10.4.19-MariaDB
-- PHP Version: 8.0.6

SET SQL_MODE = "NO_AUTO_VALUE_ON_ZERO";
START TRANSACTION;
SET time_zone = "+00:00";


/*!40101 SET @OLD_CHARACTER_SET_CLIENT=@@CHARACTER_SET_CLIENT */;
/*!40101 SET @OLD_CHARACTER_SET_RESULTS=@@CHARACTER_SET_RESULTS */;
/*!40101 SET @OLD_COLLATION_CONNECTION=@@COLLATION_CONNECTION */;
/*!40101 SET NAMES utf8mb4 */;

--
-- Database: `ammy_projects`
--

-- --------------------------------------------------------

--
-- Table structure for table `admins`
--

CREATE TABLE `admins` (
  `adm_username` varchar(255) NOT NULL COMMENT 'ชื่อผู้ใช้งาน',
  `adm_firstname` varchar(255) NOT NULL COMMENT 'ชื่อจริง',
  `adm_lastname` varchar(255) NOT NULL COMMENT 'นามสกุล',
  `adm_password` varchar(255) NOT NULL COMMENT 'รหัสผ่าน',
  `adm_created` timestamp NOT NULL DEFAULT current_timestamp() COMMENT 'วันที่สร้างข้อมูล',
  `adm_updated` timestamp NOT NULL DEFAULT current_timestamp() ON UPDATE current_timestamp() COMMENT 'วันที่อัพเดตข้อมูลล่าสุด'
) ENGINE=InnoDB DEFAULT CHARSET=utf8;

--
-- Dumping data for table `admins`
--

INSERT INTO `admins` (`adm_username`, `adm_firstname`, `adm_lastname`, `adm_password`, `adm_created`, `adm_updated`) VALUES
('ammy095', 'ธัญญารัตน์', 'โลตุฤทธิ์', '$2y$10$ks8iE4vyjOfm7Fe6nwTYVu22w3tZkXnUPx.rqTBnElEn7rKbm82iS', '2021-07-14 22:48:10', '2021-07-14 22:49:12'),
('test095', 'ทดสอบ', 'ทดสอบ', '$2y$10$dtcKOoaofC4o.iVIiWS7iuHBl9NRuHD9GffNn0/GtOGxilNu/NyCq', '2021-07-15 19:15:12', '2021-07-15 19:15:12'),
('test2', 'test', 'test', '$2y$10$cBX08O5ih1IRbwrEbIcjo.0vy9MPIJuMAPkx0MFVB1IwHws4f/93C', '2021-07-15 19:21:23', '2021-07-15 19:21:23');

-- --------------------------------------------------------

--
-- Table structure for table `attractions`
--

CREATE TABLE `attractions` (
  `att_id` int(11) NOT NULL COMMENT 'รหัสสถานที่',
  `att_name` varchar(255) NOT NULL COMMENT 'ชื่อสถานที่',
  `att_type_id` int(11) NOT NULL COMMENT 'รหัสประเภท',
  `att_description` text NOT NULL COMMENT 'คำอธิบายสถานที่',
  `att_article` longtext NOT NULL COMMENT 'บทความสถานที่',
  `att_image` text NOT NULL COMMENT 'รูปภาพหลักสถานที่',
  `att_google_map` text NOT NULL COMMENT 'แผนที่กูเกิ้ลแมพ',
  `att_cost` int(1) NOT NULL COMMENT 'ค่าใช้จ่าย 1 = ไม่มี, 2 = มีน้อย, 3 = มีปานกลาง, 4 = มีมาก',
  `att_convenience` int(1) NOT NULL COMMENT 'การเข้าถึง 1 = ไม่สะดวก, 2 = สะดวกน้อย, 3 = สะดวกปานกลาง, 4 = สะดวกมาก',
  `att_restaurant` int(1) NOT NULL COMMENT 'ร้านอาหาร 1 = ไม่มี, 2 = มีน้อย, 3 = มีปานกลาง, 4 = มีมาก',
  `att_transfer` int(1) NOT NULL COMMENT 'บริการรถรับส่ง 1 = ไม่มี, 2 = มีน้อย, 3 = มีปานกลาง, 4 = มีมาก',
  `att_hotel` int(1) NOT NULL COMMENT 'บริการที่พักโรงแรม 1 = ไม่มี, 2 = มีน้อย, 3 = มีปานกลาง, 4 = มีมาก',
  `att_cafe` int(1) NOT NULL COMMENT 'ร้านคาเฟ่ 1 = ไม่มี, 2 = มีน้อย, 3 = มีปานกลาง, 4 = มีมาก',
  `att_security` int(1) NOT NULL COMMENT 'บริการด้านความปลอดภัย 1 = ไม่มี, 2 = มีน้อย, 3 = มีปานกลาง, 4 = มีมาก',
  `att_hospital` int(1) NOT NULL COMMENT 'โรงพยาบาล\r\n1 = ไม่ใกล้, 2 = ใกล้น้อย, 3 = ใกล้ปานกลาง, 4 = ใกล้มาก\r\n',
  `att_police` int(1) NOT NULL COMMENT 'สถานีตำรวจ 1 = ไม่ใกล้, 2 = ใกล้น้อย, 3 = ใกล้ปานกลาง, 4 = ใกล้มาก',
  `att_parking` int(1) NOT NULL COMMENT 'ที่จอดรถ 1 = ไม่มี, 2 = มีน้อย, 3 = มีปานกลาง, 4 = มีมาก',
  `att_views` int(11) NOT NULL COMMENT 'ยอดผู้เข้าชม',
  `att_created` timestamp NOT NULL DEFAULT current_timestamp() COMMENT 'วันที่สร้างข้อมูล',
  `att_updated` timestamp NOT NULL DEFAULT current_timestamp() ON UPDATE current_timestamp() COMMENT 'วันที่อัพเดตข้อมูลล่าสุด'
) ENGINE=InnoDB DEFAULT CHARSET=utf8;

--
-- Dumping data for table `attractions`
--

INSERT INTO `attractions` (`att_id`, `att_name`, `att_type_id`, `att_description`, `att_article`, `att_image`, `att_google_map`, `att_cost`, `att_convenience`, `att_restaurant`, `att_transfer`, `att_hotel`, `att_cafe`, `att_security`, `att_hospital`, `att_police`, `att_parking`, `att_views`, `att_created`, `att_updated`) VALUES
(17, 'พระบรมธาตุนาดูน', 4, 'พระบรมธาตุนาดูน แน่นอนหลายท่านรู้จักสถานที่แห่งนี้กันดีอยู่แล้ว เพราะที่นี่เป็นเหมือนสัญลักษณ์ของจังหวัดมหาสารคาม สร้างขึ้นมาเมื่อไม่นานมานี้ แต่เรื่องราวนั้นเก่าแก่มาก ที่นี่เป็นเป้าหมายหลักของการมาเยือนจังหวัดมหาสารคาม หากไม่ได้มาไหว้พระธาตุนาดูนก็ถือว่าท่านยังไม่มาถึงเมืองสารคามหรือแม้แต่คนที่เคยมาแล้วก็มักจะกลับมาสักการะสถานที่แห่งนี้อยู่เนื่องๆ ด้วยว่ากันว่าหากมาขอพรให้สมหวังสิ่งใดก้มักจะสมหวังกันทั่วหน้า นี่กระมังที่ผู้คนจึงพูดกันว่าหากมาพระบรมธาตุนาดูนแล้วท่านก็มักจะได้กลับมาอีก', '<p style=\"margin-right: 0px; margin-bottom: 1.25rem; margin-left: 0px; padding: 0px; font-family: Kanit-Regular; line-height: 1.6; text-rendering: optimizelegibility; color: rgb(85, 85, 85);\"><span style=\"font-family: Kanit;\">สำหรับท่านที่ยังไม่เคยมา ลองมาเรียนรู้เรื่องราวของสถานที่แห่งนี้ไปพร้อมๆกัน เพื่อจะได้รู้ว่าเหตุใดสถานที่แห่งนี้จึงถูกขนามนามว่า พุทธมณฑลอีสาน เริ่มกันที่เรื่องราวในสมัยโบราณที่มีเรื่องราวเล่าขานถึงนิทานเรื่อง จำปาสี่ต้น ที่มีความเกี่ยวพันกับชื่อเมืองโบราณนามว่า นครจัมปาศรี เมื่อนักโราณคดีสืบค้นกับพบว่า เมืองแห่งนี้นั้นมีอยู่จริงตามตำนาน โดยศูนย์กลางตั้งอยู่ที่บริเวณ อำเภอนาดูน มีหลักฐานทั้งโบราณสถานและโบราณวัตถุ รวมถึงจารึกที่บ่งชี้การมีอยู่จริงของชุมชนโบราณแห่งนี้ นครจัมปาศรีรุ่งเรืองในยุคแรกราว พ.ศ. 1000 - 1200 รับอิทธิพลศิลปะแบบทวารวดีที่รุ่งเรืองอยู่ในยุคนั้น บริเวณลุ่มน้ำตอนกลางของดินแดนสุวรรณภูมิอันได้รับอิทธิพลทางพระพุทธศาสนาและศิลปะจากอินเดีย หลักฐานที่ชี้ชัดได้แก่พระพิมพ์ดินเผาจากกรุต่างๆ ที่รู้จักกันดีในนาม พระกรุนาดูน หลังจากนั้นราว พ.ศ. 1600 - 1800 นครแห่งนี้ก็ได้เปลี่ยนไปรับอิทธิพลของศิลปะแบบลพบุรี (อารยธรรมขอมหรือเขมรโบราณ) มีการสร้างปราสาทหินที่เรียกว่า กู่ ขึ้นหลายแห่งรายรอบไปทั่วบริเวณ ที่เด่นชัดได้แก่ กู่สันตรัตน์ กู่น้อย กู่บ้านแดง ในการขุดแต่ง กู่เหล่านี้มีการค้นพบโบราณวัตถุหลายชิ้น อีกทั้งยังมีการค้นพบศิลาจารึก 14 บรรทัดบริเวณ ศาลานางขาว โบราณสถานสำคัญที่อยู่ใกล้กับกู่สันตรัตน์อีกด้วย ปัจจุบันโบราณวัตถุเหล่านี้ถูกเก็บไว้ที่พิพิธภัณฑสถานแห่งชาติ ขอนแก่น</span></p><p style=\"margin-right: 0px; margin-bottom: 1.25rem; margin-left: 0px; padding: 0px; font-family: Kanit-Regular; line-height: 1.6; text-rendering: optimizelegibility; color: rgb(85, 85, 85);\"><span style=\"font-size: 1rem; font-family: Kanit;\">เรื่องราวของนครจัมปาศรี เมื่อเข้าสู่ยุคเสื่อมถอยก็เลือนหายไปหลายร้อยปี จนมาชัดเจนอีกครั้งเมื่อปี 2522 เมื่อชาวบ้าน ตำบลนาดูน พากันขุดค้นพบกรุพระพิมพ์โบราณจำนวนมาก กรมศิลปากรจึงได้เข้าขุดค้นที่นาแปลงนี้ ปรากฏพบเป็นซากเมืองโบราณ ที่น่าตื่นเต้นก็เมื่อมีการพบสถูปจำลองที่สูงราว 24 ซม. ด้านในมีผอบโบราณซึ่งมีถึงสามชั้นโดยชั้นนอกสุดเป็นสำริด ชั้นกลางเป็นเงินและชั้นในสุดเป็นทองคำ ภายในบรรจุอัฐิฐาตุ ซึ่งเมื่อผู้เชี่ยวชาญเปรียบเทียบยุคสมัยทั้งของโบราณวัตถุที่ค้นพบ รวมถึงสิ่งก่อสร้างที่รองรับสถูปนี้ไว้ ทุกอย่างชี้ชัดว่าผู้คนสมัยนั้นจะจัดเก็บและบูชาสิ่งสำคัญนี้ในลักษณะนี้เมื่อสิ่งนั้นคืออัฐิธาตุของพระพุทธเจ้าเท่านั้น ชัดเจนว่าชาวมหาสารคามได้ค้นพบพระบรมสารีริกธาตุสำคัญเข้าแล้ว รัฐบาลสมัยนั้นจึงได้ดำริสร้างพระบรมธาตุนาดูนขึ้น เพื่อบรรจุพระบรมสารีริกธาตุสำคัญนี้ไว้ให้คงอยู่ตลอดไป การก่อสร้างได้ถอดแบบองค์พระธาตุออกมาจากสถูปจำลองที่ขุดค้นพบนั้นเอง โดยการก่อสร้างแล้วเสร็จในปี พ.ศง 2529 พระบรมะาตุนาดูนจึงได้อยู่คู่บ้านคู่เมืองมหาสารคามนับแต่บัดนั้นมา เห็นหรือยังว่า อำเภอนาดูน นั้นมีความสำคัญทั้งทางด้านศาสนาและทางด้านโบราณคดีที่ท่านต้องมาเยี่ยมชมให้ได้</span><br></p>', '30f92f39882ec9ac720f3384be72793e.jpg', '<iframe src=\"https://www.google.com/maps/embed?pb=!1m18!1m12!1m3!1d3840.903822419166!2d103.2250365153586!3d15.70325515331136!2m3!1f0!2f0!3f0!3m2!1i1024!2i768!4f13.1!3m3!1m2!1s0x31183e519b4571ad%3A0xb263d171592b25a3!2z4Lie4Lij4Liw4Lia4Lij4Lih4LiY4Liy4LiV4Li44LiZ4Liy4LiU4Li54LiZ!5e0!3m2!1sth!2sth!4v1626603418583!5m2!1sth!2sth\" width=\"600\" height=\"450\" style=\"border:0;\" allowfullscreen=\"\" loading=\"lazy\"></iframe>', 3, 2, 2, 1, 2, 1, 3, 1, 2, 2, 9588, '2021-07-18 10:03:02', '2021-10-28 09:59:04'),
(18, 'พระพุทธมงคล', 4, 'พระพุทธรูปยืนนี้เป็นพระพุทธรูปโบราณ ซึ่งมีความเกี่ยวข้องโดยตรงกับประวัติศาสตร์ของเมืองกันทรวิชัย ผู้ว่าการในสมัยโบราณถูกสร้างขึ้นเพื่อไถ่บาปของตัวเอง หลังจากที่เขาประหารพ่อแม่เพื่อชิงบัลลังก์', '<p><span style=\"color: rgb(85, 85, 85); font-family: Kanit;\">ตำนานเก่าแก่ที่เชื่อว่ามีมาตั้งแต่ยุคสร้างเมืองกันทรวิชัยที่ได้ทิ้งหลักฐาน สำคัญ 2 สิ่ง คือพระพุทธมิ่งเมืองและพระพุทธรูปยืนมงคล ตั้งอยู่คนละวัดห่างกันราว 1 กิโลเมตร โดยพระพุทธมิ่งเมืองตั้งอยู่ที่วัดสุวรรณาวาสและพระพุทธรูปยืนมงคลตั้งอยู่ที่วัดพุทธมงคล ต.โคกพระ อ.กันทรวิชัย จ.มหาสารคามตามตำนานกล่าวว่าบ้านเมืองแถบนี้เป็นเมืองโบราณที่มีชื่อว่าคันธาธิราช ก่อนปีมะเส็ง จุลศักราช 147 หรือ พ.ศ.1328 มีเจ้าเมืองปกครองนามว่า ท้าวลินจง และมีบุตรชายชื่อว่า ท้าวลินทอง ซึ่งท้าวลินทองเป็นคนที่มีจิตใจเหี้ยมโหดมากและเมื่อรู้ว่าพระราชบิดาไม่ได้มอบอำนาจการปกครองเมืองให้ตน เพราะท้าวลินจงเล็งเห็นว่าท้าวลินทองขาดคุณธรรม ท้าวลินทองจึงได้จับพ่อและแม่ของตัวเองไปทรมานและบังคับให้มอบให้ตน แต่ท้าวลินจงผู้เป็นบิดาทนความทรมานไม่ไหวจึงได้อธิฐานก่อนตายว่า “หากผู้ครองเมืองนี้เป็นมนุษย์ที่มีจิตใจโหดเหี้ยม ขาดคุณธรรม ขออย่าให้มีความสุขความเจริญ ให้พบแต่ความวิบัติ ความพินาศฉิบหาย” นางบัวคำผู้เป็นแม่ก็ถูกท้าวลินทองบุตรชายแท้ๆ ฆ่าให้ตายตามไป เมื่อท้าวลินทองได้ขึ้นครองเมือง บ้านเมืองก็เกิดกลียุค โหรทำนายจึงให้ท้าวลินทองสร้างพระพุทธรูปเพื่ออุทิศส่วนกุศล เป็นการล้างกรรมที่เคยกระทำต่อพ่อแม่ โดยให้หันพระพุทธรูปไปทางทิศใต้ สร้างพระพุทธมิ่งเมืองไว้ที่วัดสุวรรณาวาสแทนคุณมารดา และสร้างพุทธมงคลไว้กลางลานโพธิ์ ณ วัดพุทธมงคล เพื่อแทนคุณบิดา แต่ท้าวลินทองก็ล้มป่วยและตายในที่สุด เมืองคันธาธิราชจึงไม่มีผู้ปกครองต่อ กลายเป็นเมืองร้างนานถึง 1,089 ปี&nbsp;จนกระทั่งสมัยรัตนโกสินทร์ จุลศักราช 1236 หรือ พ.ศ. 2417 รัชกาลที่ 5 ทรงกรุณาโปรดเกล้าฯ ให้ตั้งเมืองขึ้นใหม่อีกครั้ง ให้ใช้ชื่อเมืองว่า คันธาวิชัย หรือ เมืองกันทะวิชัย ส่วนพระพุทธรูปทั้งสองได้มีการปฎิสังขรต่อเติมส่วนที่หายไปในปี พ.ศ. 2460 ให้กลับมาสวยงามดังเดิม</span><br></p>', 'c8d7fa51316be71b21048eef1b531fa6.jpg', '<iframe src=\"https://www.google.com/maps/embed?pb=!1m18!1m12!1m3!1d3829.283176089343!2d103.29827631528805!3d16.308468938733586!2m3!1f0!2f0!3f0!3m2!1i1024!2i768!4f13.1!3m3!1m2!1s0x3122bb8fe25ae4b1%3A0xd602e844d8e1eeda!2z4Lie4Lij4Liw4Lie4Li44LiX4LiY4Lij4Li54Lib4Lii4Li34LiZ4Lih4LiH4LiE4Lil!5e0!3m2!1sth!2sth!4v1626604277896!5m2!1sth!2sth\" width=\"600\" height=\"450\" style=\"border:0;\" allowfullscreen=\"\" loading=\"lazy\"></iframe>', 1, 1, 4, 1, 4, 2, 1, 3, 2, 3, 1671, '2021-07-18 10:31:44', '2021-10-27 22:44:57'),
(19, 'สะพานไม้แกดำ', 5, 'สะพานไม้แกดำ เป็นสะพานไม้โบราณที่สร้างมาช้านาน ใช้เพื่อเชื่อมสองชุมชนระหว่างสองฝั่งของเขื่อนหนองแก ทิวทัศน์ที่สวยงามและสะท้อนถึงวิถีชีวิตในชนบท', '<p><span style=\"color: rgb(85, 85, 85); font-family: Kanit;\">สะพานเชื่อมใจ สายใยที่ขาดจากกันไม่ได้ .... เมื่อร้อยกว่าปีก่อนชาวบ้านกลุ่มหนึ่งได้อพยพหนีแล้งมาจากจังหวัดร้อยเอ็ด มี“หลวงปู่จ้อย” เป็นพระเกจิที่นำพาชาวบ้านมา ณ ที่แห่งนี้ เมื่อมาพบชัยภูมิที่ดีจึงตั้งหมู่บ้านขึ้นที่นี่ให้ชื่อว่า “บ้านแกดำ” ชุมชนอยู่อย่างผาสุขมายาวนานครัวเรือนขยายมากจนต้องมีการย้ายเรือนข้ามฝากไปตั้งบ้านใหม่ชื่อว่า “บ้านหัวขัว” ยังริมฝั่งคลองอีกฝาก ซึ่งคลองนี้ดั้งเดิมกว้างเพียง 20 เมตร ชาวบ้านจึงไปมาหาสู่กันไม่ยากนักโดยใช้เรืออีโปงที่ทำจากขอนตาลและสร้างสะพานเล็กๆไว้เดินข้าม มาถึงวันที่ทางรัฐได้ทำการขุดหนองน้ำเพื่อการชลประทาน ทำให้คลองกว้างขึ้นจนเป็นหนองน้ำขนาดใหญ่กว้างราว ครึ่งกิโล การสัญจรของชาวบ้านจึงถึงคราลำบาก แต่เวิ้งน้ำหรือจะสู้ความคิดถึงใคร่ไปมาหาสู่ฉันญาติมิตรของชาวบ้านทั้งสองฝากฝั่งได้ ผู้คนจึงพากันระดมเศษไม้จากเรือกสวนไร่นาและเสารั้วบ้านเก่า บวกกับแรงคนที่ขนกันมาทั้ง 2 ฝั่ง สร้างเป็นสะพานไม้ยาว 500 เมตร ที่ทอดตัวคดเคี้ยวไปตามทุ่งบัวหลวงสานใจของญาติพี่น้องของทั้งสองหมู่บ้านไว้อย่างเหนียวแน่นดังเดิมอีกครั้งปัจจุบัน “สะพานไม้แกดำ” ได้ถูกคัดเลือกให้เป็นสะพานไม้ที่มีความสวยงามเป็นอันดับสามของประเทศไทย ด้วยความคลาสสิคความไม่เป็นระเบียบแบบช่างชาวบ้านนี่กระมังที่เป็นเสน่ห์ของสถานที่แห่งนี้ นักท่องเที่ยว ช่างภาพ นักเดินทาง ต่างแวะเวียนมาเยี่ยมชมมิได้ขาด ผู้คนไม่พลุกพล่าน เหมาะแก่การมาทอดอารมณ์ ละทิ้งเรื่องทุกข์ใจจากที่ที่เราจากมา มองดูเด็กๆเล่นน้ำกระโดดจากสะพานอย่างสนุกสนาน เห็นฝูงควายที่อยู่ในหนองลุยกินหญ้าก่อนเข้าคอก เห็นชาวบ้านที่หาปลาในหนองแกดำ มาสัมผัสชีวิตชนบทที่งดงามเกินบรรยายด้วยตัวคุณเอง ปัจจุบัน อำเภอแกดำ กำลังพัฒนาการท่องเที่ยวของท้องถิ่น มีการจัดกิจกรรมอยู่เนืองๆ ต้นปีก็จัดงานวันวาเลนไทน์ จดทะเบียนสมรสหมู่บนสะพานไม้แกดำ ปลายปีก็จัดงานลอยกระทงปล่อยโคมลอยชมพลุกลางสะพานแห่งนี้ เย็นๆวันเสาร์วันอาทิตย์ก็มีการจัดตลาดย้อนยุคที่หัวสะพานทั้งสองฝั่ง ใครชอบบรรยากาศแบบนี้ต้องคอยฟังข่าวอยู่เรื่อยๆ</span><br style=\"color: rgb(85, 85, 85); font-family: Kanit-Regular;\"><br style=\"color: rgb(85, 85, 85); font-family: Kanit-Regular;\"><span style=\"color: rgb(85, 85, 85); font-family: Kanit;\">การเดินทางใช้เส้นทางออกจาก อ.เมือง ใช้แยกศาลากลางจังหวัด มุ่งหน้าไปทาง อ.วาปีปทุม จะพบทางแยกเลี้ยวซ้ายไป อ.แกดำ วิ่งตามทางจนถึง อ.แกดำ หากต้องการไปฝั่ง วัดดาวดึงส์ ให้วิ่งเข้าตัวอำเภอถึงกลางเมืองเลี้ยวซ้าย แต่ถ้าหากจะไปชมพระอาทิตย์ตกดินให้ไปฝั่งบ้านหัวขัว โดยเลี้ยวซ้ายก่อนเข้าเมืองวิ่งไปเรื่อยจนพบทางเข้าบ้านหัวขัว เข้าหมู่บ้านเจอโรงเรียนแล้วเลี้ยวขวาราว 1 กม.จะพบทางขึ้นเนินดินหัวสะพาน</span><br></p>', '1db960ef6087b696cedfe89cd2bac757.jpg', '<iframe src=\"https://www.google.com/maps/embed?pb=!1m18!1m12!1m3!1d3834.77322451936!2d103.38847191528488!3d16.025316388908116!2m3!1f0!2f0!3f0!3m2!1i1024!2i768!4f13.1!3m3!1m2!1s0x31180670ffabf077%3A0x80198f300badfeda!2z4Liq4Liw4Lie4Liy4LiZ4LmE4Lih4LmJ4LmB4LiB4LiU4Liz!5e0!3m2!1sth!2sth!4v1626605195546!5m2!1sth!2sth\" width=\"600\" height=\"450\" style=\"border:0;\" allowfullscreen=\"\" loading=\"lazy\"></iframe>', 4, 4, 1, 2, 4, 1, 2, 2, 1, 2, 8592, '2021-07-18 10:46:58', '2021-10-28 09:53:05'),
(20, 'แก่งเลิงจาน', 5, 'แก่งเลิงจาน เป็นอ่างเก็บน้ำขนาดใหญ่ที่สุดที่มีพื้นที่ติดกับเทศบาลเมืองมหาสารคาม อยู่ติดถนนเลี่ยงเมืองช่วงแยก อ.โกสุมพิสัยกับแยก อ.บรบือ บริเวณสันอ่างเก็บน้ำจัดทำเป็นสวนสาธารณะที่สวยงาม มีสวนดอกไม้และน้ำตกเทียม ศาลาพักร้อน ในช่วงฤดูหนาวมีแปลงดอกไม้ขนาดใหญ่ นักท่องเที่ยวสามารถเที่ยวชมสวนไปพร้อมๆกับการชมพระอาทิตย์ตกที่แก่งเลิงจานได้ในเวลาเดียวกันได้', '<p><span style=\"color: rgb(85, 85, 85); font-family: Kanit;\">แก่งเลิงจาน เป็นอ่างเก็บน้ำขนาดใหญ่ที่สุดที่มีพื้นที่ติดกับเทศบาลเมืองมหาสารคาม อยู่ติดถนนเลี่ยงเมืองช่วงแยก อ.โกสุมพิสัยกับแยก อ.บรบือ บริเวณสันอ่างเก็บน้ำจัดทำเป็นสวนสาธารณะที่สวยงาม มีสวนดอกไม้และน้ำตกเทียม ศาลาพักร้อน ในช่วงฤดูหนาวมีแปลงดอกไม้ขนาดใหญ่ นักท่องเที่ยวสามารถเที่ยวชมสวนไปพร้อมๆกับการชมพระอาทิตย์ตกที่แก่งเลิงจานได้ในเวลาเดียวกันได้</span><br></p>', '42b8ce80042625b9404a767bce8e40b0.jpg', '<iframe src=\"https://www.google.com/maps/embed?pb=!1m18!1m12!1m3!1d15327.779071935009!2d103.25927698523786!3d16.17179837108104!2m3!1f0!2f0!3f0!3m2!1i1024!2i768!4f13.1!3m3!1m2!1s0x3122a6d3b7c0a163%3A0xb894a0281d897f05!2z4LmB4LiB4LmI4LiH4LmA4Lil4Li04LiH4LiI4Liy4LiZ!5e0!3m2!1sth!2sth!4v1626605421384!5m2!1sth!2sth\" width=\"600\" height=\"450\" style=\"border:0;\" allowfullscreen=\"\" loading=\"lazy\"></iframe>', 3, 1, 4, 1, 1, 2, 1, 3, 3, 2, 9046, '2021-07-18 10:50:35', '2021-08-20 02:46:34'),
(21, 'กู่บ้านแดง', 3, 'กู่บ้านแดงเป็นสถานที่ทางประวัติศาสตร์ในอารยธรรมขอมเกี่ยวกับศตวรรษที่ 18 คูบันดังก้นด้วยศิลาแลงและนี่คือปราสาทปรางค์สามยอดแห่งเดียวในภาคตะวันออกเฉียงเหนือ', '<p><span style=\"color: rgb(85, 85, 85); font-family: Kanit;\">ปราสาทหรือกู่ศิลาแลง 3 หลังเรียงกันอยู่บนฐานเดียวกัน ปราสาทหลังกลางสลักภาพทับหลังหินทรายสีแดงรูป “พระนาคปรก พระโพธิสัตว์อวโลกิเตศวร และเทวีปรัชญาปารมิตา” ตามความเชื่อแบบรัตนตรัยมหายาน เป็นปรางค์ 3 ยอดแห่งเดียวของภาคอีสาน คาดว่าถูกสร้างขึ้นในสมัยพระเจ้าชัยวรมันที่ 7 ราวพุทธศตวรรษที่ ๑๘ จากการขุดแต่งมีการค้นพบโบราณวัตถุหลายชิ้นที่นี่</span><br></p>', '7dd4b7c379b6a8b7feba467f9df5891a.jpg', '<iframe src=\"https://www.google.com/maps/embed?pb=!1m18!1m12!1m3!1d3839.04220611829!2d103.34118961528247!3d15.80172838904664!2m3!1f0!2f0!3f0!3m2!1i1024!2i768!4f13.1!3m3!1m2!1s0x3118176e244afb01%3A0x861617792a2b580f!2z4LiB4Li54LmI4Lia4LmJ4Liy4LiZ4LmB4LiU4LiH!5e0!3m2!1sth!2sth!4v1626605645048!5m2!1sth!2sth\" width=\"600\" height=\"450\" style=\"border:0;\" allowfullscreen=\"\" loading=\"lazy\"></iframe>', 4, 1, 4, 1, 1, 1, 2, 3, 2, 1, 6681, '2021-07-18 10:54:31', '2021-08-20 03:00:48'),
(22, 'กู่สันตรันต์', 3, 'กู่สันตรัตน์เป็นโบราณสถานที่มีลักษณะแบบขอม เป็นสถานที่ ที่เรียกว่าอโรคยาศาล หรือโรงพยาบาล ตั้งอยู่ที่ตำบล กู่สันตรัตน์ อำเภอนาดูน จังหวัดมหาสารคาม ห่างจากที่ว่าการอำเภอนาดูน มาทางทิศตะวันออก เฉียงเหนือ ประมาณ 4 กิโลเมตร กู่สันตรัตน์มีลักษณะเป็นปราสาทแบบย่อมๆ ตั้งอยู่บนฐานชั้นเดียวสร้างด้วยศิลาแลง หันหน้าไปทางทิศตะวันออก มีกำแพงล้อมลอบในกรอบ รูปสี่เหลี่ยมผืนผ้า ทางด้านหน้าปราสาททางทิศตะวันออกเฉียงเหนือมี สระสี่เหลี่ยมขนาดกว้าง 10 เมตร ยาว 12 เมตร ซึ่งน่าจะหมายถึงบาราย ซึ่ง เป็นไปตามคติของขอม (เขมร) ที่ว่าเมื่อมีการสร้างปราสาทหินก็มีการ ขุดสระหรือ บารายกักน้ำไว้ในที่ใกล้เคียงนั้นด้วย', '<p><span style=\"color: rgb(85, 85, 85); font-family: Kanit;\">อารยธรรมเขมร เคยรุ่งเรืองที่มหาสารคามมาก่อน มีกู่ต่างๆมากมายในพื้นที่จังหวัดและที่โดดเด่นที่สุดก็คือกู่สันตรัตน์แห่งนี้ กู่สันตรัตน์ ตั้งอยู่ที่ตำบล กู่สันตรัตน์ อำเภอนาดูน จังหวัดมหาสารคาม สร้างด้วยศิลาแลง เป็นศิลปะขอมแบบบายน เชื่อว่าถูกสร้างในสมัยพระเจ้าชัยวรมันที่ 7 (พ.ศ. 1700-1750) ปราสาทปรางค์ประทานเป็นรูปสี่เหลี่ยมจัตุรัส หันหน้าทางทิศตะวันออกเป็นลักษณะของโรคยาศาล (เป็นโรงพยาบาลสมัยโบราณ ใช้พักรักษาคนเจ็บและประกอบพิธีกรรมทางศาสนา) แผ่นทับหลังและเสาปราสาททำด้วยหินทรายแต่ไม่มีการแกะสลัก ล้อมรอบด้วยกำแพงหินศิลาแลง บริเวณด้านทิศตะวันออกเฉียงเหนือของปราสาทมีสระน้ำขนาดใหญ่เรียกว่า “บาลาย” กว้าง 10 เมตร ยาว 12 เมตร ซึ่งยังคงอยู่ในสภาพค่อนข้างสมบูรณ์และสวยงามจนถึงปัจจุบัน&nbsp;</span><br style=\"color: rgb(85, 85, 85); font-family: Kanit-Regular;\"><span style=\"color: rgb(85, 85, 85); font-family: Kanit;\">การเดินทาง ออกจาก อ.เมือง เข้า อ.วาปีปทุม ใช้เส้นทางหมายเลข 2045 เลี้ยวขวาทางแยกเข้า อ.นาดูน ใช้เส้นทางหมายเลข 2381 ทางเข้าอยู่ทางขวามือ หากมาจาก อ.นาเชือกจะผ่านตัวอำเภอก่อน ทางเข้าจะอยู่ซ้ายมือ</span><br></p>', '29825ad77dc4fa37a5ac16d2d600a611.jpg', '<iframe src=\"https://www.google.com/maps/embed?pb=!1m18!1m12!1m3!1d3840.6810762220775!2d103.2619497153587!3d15.715069353004438!2m3!1f0!2f0!3f0!3m2!1i1024!2i768!4f13.1!3m3!1m2!1s0x31183dd5fcdf2e93%3A0x918b072a09997468!2z4Liq4Liz4LiZ4Lix4LiB4Liq4LiH4LiG4LmM4LiB4Li54LmI4Liq4Lix4LiZ4LiV4Lij4Lix4LiV!5e0!3m2!1sth!2sth!4v1626605855497!5m2!1sth!2sth\" width=\"600\" height=\"450\" style=\"border:0;\" allowfullscreen=\"\" loading=\"lazy\"></iframe>', 1, 1, 4, 3, 1, 3, 3, 3, 1, 1, 3270, '2021-07-18 10:57:50', '2021-10-28 10:38:18'),
(23, 'พระธาตุอินทร์แปลง', 4, 'วัดพระธาตุอินทร์แปลงเป็นรูปแบบสถาปัตยกรรมที่มีเอกลักษณ์เฉพาะตัว มีปราสาทสี่รูปผสมผสานศิลปะระหว่างไทย เขมร พม่า และบาหลี ซึ่งผสมผสานกันอย่างลงตัว สร้างด้วยหินทรายและศิลาแลง ดูมีมนต์ขลัง', '<p><span id=\"docs-internal-guid-e5fd70e2-7fff-5705-3a25-e2d80813489d\" style=\"line-height: inherit; color: rgb(85, 85, 85); font-family: Kanit-Regular;\"><span style=\"font-family: Kanit;\">&nbsp; &nbsp; &nbsp; &nbsp; &nbsp; &nbsp; &nbsp;พระธาตุอินทร์แปลง งามดั่งพระอินทร์สรรค์สร้าง นั่นน่าจะเป็นที่มาของชื่อสถานที่แห่งนี้ ทีมงานผู้เขียนได้ทราบ ข่าวว่ามีสถานที่แห่งนี้ตั้งอยู่จากการบอกเล่าของพระหนุ่มรูป หนึ่งเราจึงตามไปดูให้เห็นกับตา เมื่อไปถึงทีมงานต้องถึงกันไป พักใหญ่ด้วยสถานที่แห่งนี้สวยงามเกินคาด อีกทั้งก่อนหน้าก็ไม่ ค่อยมีใครทราบข้อมูลของสถานที่แห่งนี้มาก่อนเลยทั้งที่ก่อสร้าง มานานแล้วกว่าสามสิบปีอาจเป็นเพราะการตั้งอยู่ใกลสุดเขต ของจังหวัดมหาสารคามก็เป็นได้ เราได้มีโอกาสกราบนมัสการ เรียนถามกับพระอาจารย์กัมปนาถเจ้าอาวาสองค์ปัจจุบัน ท่าน เล่าให้ฟังว่าที่นี่เริ่มด้วยดําริของหลวงพ่อสมาน โอภาโส (ปัจจุบันท่านได้ละสังขารไปแล้ว) ท่านได้พาชาวบ้านสร้างพระ ธาตุแห่งนี้ขึ้นมา โดยองค์พระธาตุนั้นได้แรงบรรดาลใจมาจาก องค์พระธาตุพนม ส่วนการตกแต่งประดับส่วนยอดนั้นได้จําลอง มาจากพระธาตุนาดูน ด้านวิหารคตและการวางภูมิทัศน์ได้ใช้ หลักแบบขอม โดยมีการสร้างบ่อน้ําไว้ทั้งสี่ทิศของพระธาตุ แต่ รายละเอียดของลวดลายและงานปูนปั้นกลับใช้ศิลปะแบบ บาหลี แปลกตาแต่สวยทุกอย่างรวมกันได้อย่างลงตัว หลวงพี่ เล่าว่าการก่อสร้างล้วนเป็นฝีมือช่างชาวบ้านในระแวกนี้ที่มี ความศรัทธาต่อองค์พระธาตุได้เข้ามาช่วยกันก่ออิฐถือปูนแต่ง เติมกันทีละเล็กละน้อย ปัจจุบันก็เหลือเพียงแต่งานภูมิทัศน์ภาย นอกเล็กๆน้อยๆก็จะเสร็จสมบูรณ์ตามที่ตั้งใจไว้แล้ว ทีมงานของ เราได้เก็บข้อมูล ของสถานที่แห่งนี้และได้ทําการถ่ายภาพมุมสูง ด้วยโดรนแล้วนําเสนอผ่านทางโลกออนไลน์ หลังจากนั้นหลวงพี่ ท่านได้แจ้งข่าวว่าปัจจุบันมีนักท่องเที่ยวแวะเวียนมาเยี่ยมชม มากขึ้นเรื่อยๆจากเคยมีแค่เพียงหลักสิบ ทุกวันนี้ในช่วงวันหยุด มีคนมาเที่ยวกันถึงหลักพันคนเลยทีเดียว หากท่านผู้อ่านยัง ลังเลที่จะมาเยือนพระธาตุอินทร์แปลงแห่งนี้ซึ่งเป็นแหล่งท่อง เที่ยวใหม่ ก็คงบอกกับคนอื่นได้ยากว่าท่านได้มาเที่ยวสารคาม ครบทุกที่แล้ว</span></span><br></p>', 'c981b39b089f167a4dac9b57335e08f1.png', '<iframe src=\"https://www.google.com/maps/embed?pb=!1m18!1m12!1m3!1d3844.3568488924043!2d103.09343021535754!3d15.518989258069077!2m3!1f0!2f0!3f0!3m2!1i1024!2i768!4f13.1!3m3!1m2!1s0x3118492d2a565579%3A0x798d32ee270c09d0!2z4Lie4Lij4Liw4LiY4Liy4LiV4Li44Lit4Li04LiZ4LiX4Lij4LmM4LmB4Lib4Lil4LiH!5e0!3m2!1sth!2sth!4v1627032837529!5m2!1sth!2sth\" width=\"600\" height=\"450\" style=\"border:0;\" allowfullscreen=\"\" loading=\"lazy\"></iframe>', 1, 4, 4, 2, 1, 4, 4, 1, 4, 3, 7713, '2021-07-23 05:52:41', '2021-08-22 16:01:06'),
(24, 'วัดป่าหนองชาด', 4, 'วัดป่าหนองสน เป็นที่ตั้งของอุโบสถที่สวยงาม สร้างด้วยศิลปะลาว (ลานช้าง) อุโบสถนี้วางพระพุทธรูปองค์ใหญ่สวยงาม ประตูและหน้าต่างของอุโบสถเป็นไม้แกะสลักเกี่ยวกับพระพุทธศาสนา', '<p><span style=\"color: rgb(85, 85, 85); font-family: Kanit;\">&nbsp; &nbsp; &nbsp;วัดป่าหนองชาดหรือสมญา “วิหารคตหมื่นสมเด็จ” ตั้งอยู่ที่ หมู่ 2 บ้านหัวหนอง ต.ดอนเงิน อ.เชียงยืน จ.มหาสารคาม เริ่มจากมีคณะสงฆ์กลุ่มหนึ่งเดินทางมาพักที่ป่าช้าแห่งนี้ เมื่อมีชาวบ้านเลื่อมใสศรัทธาต่างพากันมาใส่บาตรและมาร่วมปฏิบัติธรรม ณ สถานที่แห่งนี้มากขึ้นเรื่อยๆ จึงจำเป็นจักต้องมีการสร้างสาธารณูปโภคต่างๆขึ้นมาจนกลายเป็นวัด “พระครูเมธีธรรมนันท์ เมธนันท์ สุเมโธ”หรือที่ชาวบ้านเรียกขานว่าพระอาจารย์เบิ้ม ผู้เป็นเจ้าอาวาสวัดแห่งนี้ เป็นที่เลื่อมใสของชาวบ้าน ผู้คนต่างหลั่งไหลเข้ามาที่วัดแห่งนี้ พากันบริจาคทรัพย์สินเพื่อสร้างอุโบสถ์และศาลาการเปรียญจนวัดใหญ่โตขึ้นตามลำดับ จวบจนถึงปี พ.ศ.2551 ทางวัดได้ดำริสร้างวิหารขึ้นหนึ่งหลัง อันที่มาของคำว่า วิหารคตหมื่นสมเด็จ วิหารหลังนี้มีลักษณะเป็นสีแดง สร้างด้วยปูนผสมผสานกับไม้ ศิลปะที่ใช้ก่อสร้างเป็บแบบผสมโดยนำศิลปะไทย ลาว และพม่ามาผสานกันอย่างลงตัว ภายนอกวิหารมีใบเสมาทั้งสี่ทิศ รอบวงนอกสร้างเป็นวิหารคตสีแดงชาดผนังทั้งนอกและในประดับด้วยรูปปั้นพระสมเด็จที่ทำการหล่อทีละองค์ด้วยปูปั้นผสมมวลสารแล้วค่อยนำมาติดเรียงกันที่ละองค์ นับได้ราวสองหมื่นองค์ อันเป็นที่มาของสมญาวัดนี้ ทั้งสี่ทิศมีประตูทุกด้าน ทำจากไม้เนื้อแข็งแผ่นใหญ่ ประตูทิศตะวันออกหันเข้าหาทุ่งนากลายเป็นกรอบภาพที่มีความสวยงาม บริเวณส่วนกลางเป็นที่ตั้งของพระอุโบสถ์ไม้ที่สวยงาม ผนังทำจากกะจกใสแกะลายบานใหญ่ ภายในประดิษฐานพระพุทธรูปองค์พระประธาน ให้ชาวบ้านและนักท่องเที่ยวได้กราบไหว้เพื่อเป็นศิริมงคลแก่ชีวิต วัดสีแดงที่ซ้อนอยู่กลางป่า ใครไม่มาก็ไม่เห็น</span><br></p>', 'd850796985a749b90946137af565684e.jpg', '<iframe src=\"https://www.google.com/maps/embed?pb=!1m18!1m12!1m3!1d3826.620592625909!2d103.1596802153636!3d16.44408453364948!2m3!1f0!2f0!3f0!3m2!1i1024!2i768!4f13.1!3m3!1m2!1s0x3122959d301ff4d3%3A0x609266bd4426e553!2z4Lin4Lix4LiU4Lib4LmI4Liy4Lir4LiZ4Lit4LiH4LiK4Liy4LiU!5e0!3m2!1sth!2sth!4v1627032907256!5m2!1sth!2sth\" width=\"600\" height=\"450\" style=\"border:0;\" allowfullscreen=\"\" loading=\"lazy\"></iframe>', 4, 1, 1, 1, 1, 1, 1, 4, 1, 2, 2223, '2021-07-23 06:03:52', '2021-08-20 02:52:42'),
(25, 'สะพานไม้วัดป่าวังเกาะเกิ้ง', 4, 'วัดป่าวังเกาะเกิงเป็นสะพานไม้ที่เพิ่งสร้างเสร็จไม่นาน สะพานนี้เชื่อมชุมชนและวัดต่างๆ ที่ตั้งอยู่บนพื้นดินที่ล้อมรอบด้วยแม่น้ำหลายสายจนกลายเป็นเกาะ วัดป่าวังเกาะเฟิงเป็นสะพานไม้ที่สูงตระหง่านสวยงาม', '<p><span style=\"color: rgb(85, 85, 85); font-family: Kanit;\">&nbsp; &nbsp; &nbsp; &nbsp; &nbsp; สะพานไม้วัดป่าวังเกาะเกิ้งเพิ่งถูกสร้างขึ้นเมื่อไม่นานมานี้ เพื่ออำนวยความสะดวกให้ชาวบ้านใช้เป็นทางเชื่อมเข้าหาเกาะเกิ้ง เกาะที่ถูกโอบล้อมด้วยติ่งแม่น้ำชีหรือชีหลง ที่มีสำนักสงฆ์ที่ชาวบ้านศรัทธาตั้งอยู่ สะพานไม้นี้มีความแข็งแรงมาก รถบรรทุกสามารถวิ่งผ่านได้สบายหายห่วงเลยแหละ และยังมีศาลาไว้นั่งพักชมวิวชีหลงอยู่กลางสะพาน แถมใต้สะพานยังเต็มไปด้วยฝูงปลาที่อยู่ในเขตอภัยทานของวัดด้วย ความน่ารักของวัดป่าวังเกาะเกิ้งยังไม่หมดเท่านี้เพราะในวัดมีหมูป่าที่ถูกเลี้ยงไว้อีกจำนวนมาก เจ้าหมูป่าเหล่านี้ทั้งเชื่องและแสนรู้จนนักท่องเที่ยวสามารถเข้าไปถ่ายรูปได้ใกล้ๆ แบบไร้ความกังวลเลย</span><br style=\"color: rgb(85, 85, 85); font-family: Kanit-Regular;\"><span style=\"color: rgb(85, 85, 85); font-family: Kanit;\">การเดินทางก็ไม่ยากเลย ให้เริ่มตั้งต้นที่หอนาฬิกาเมืองมหาสารคาม มุ่งหน้าไปเส้นกาฬสินธุ์ ถนนหมายเลข 2367 ไปเรื่อยๆ จนถึงบ้านเกิ้งเข้าซอยซ้ายมือเพื่อข้ามสะพานหน้าวัดบ้านเกิ้งเหนือ แล้วเลี้ยวขวาไปทางลูกรังราว 3 กิโลเมตร ก็จะพบกับสะพานไม้วัดป่าวังเกาะเกิ้งตั้งตระหง่านอยู่ด้านขวามือ เดินทางง่ายๆแบบนี้&nbsp;ต้องลองไปเที่ยวดูสักครั้ง เผื่อจะได้รูปเซลฟี่กับเจ้าหมูป่ามาอวดเพื่อนให้แปลกใจเล่นก็ได้</span><br></p>', 'bcc69f2b98582231c4e5f3d09842c706.jpg', '<iframe src=\"https://www.google.com/maps/embed?pb=!1m18!1m12!1m3!1d3830.921730814697!2d103.34740646536214!3d16.224463039567397!2m3!1f0!2f0!3f0!3m2!1i1024!2i768!4f13.1!3m3!1m2!1s0x3122a5f2903b72d9%3A0x9e9b5949b0257e30!2z4Lin4Lix4LiU4Lib4LmI4Liy4Lin4Lix4LiH4LmA4LiB4Liy4Liw4LmA4LiB4Li04LmJ4LiH!5e0!3m2!1sth!2sth!4v1627032951078!5m2!1sth!2sth\" width=\"600\" height=\"450\" style=\"border:0;\" allowfullscreen=\"\" loading=\"lazy\"></iframe>', 1, 4, 1, 3, 3, 1, 1, 1, 1, 3, 2005, '2021-07-23 06:12:33', '2021-08-24 14:15:44'),
(26, 'วัดป่าวังน้ำเย็น', 4, 'วัดป่าวังน้ำเย็น เป็นที่ตั้งของเจดีย์ศรีมหาสารคาม ในบริเวณวัดมีศาลาไม้ขนาดใหญ่มากมาย ซึ่งศาลาไม้ที่ใหญ่ที่สุดก็คือศาลาไม้ที่ใหญ่ที่สุดในประเทศไทย ภายในศาลาเป็นที่ประดิษฐานพระแก้วมรกตและพระพุทธรูปที่สวยงามหลายองค์', '<p><span style=\"color: rgb(85, 85, 85); font-family: Kanit;\">&nbsp;วัดป่าวังน้ำเย็น (วัดพุทธวนาราม) เกิดจากพระอาจารย์สุริยันต์ โฆสปัญโญ เจ้าอาวาสวัดได้ดำริที่จะสร้างวัด จึงมีญาติโยมชาวมหาสารคามร่วมกันบริจาคที่ดินกว่าสามสิบไร่ มีพัฒนาที่ดินรกร้างที่เกิดจาคศรัทธาของพุทธศาสนิกชนจนวัดกลายเป็นวัดที่มีความสง่างาม เอกลักษณ์ของวัดป่าวังน้ำเย็นคือเป็นวัดที่ก่อสร้างโดยใช้ไม้เป็นองค์ประกอบหลักในการก่อสร้าง เช่นไม้แดง ไม้ประดู่ และไม้สักทอง โดดเด่นด้วยศาลาการเปรียญหลังใหญ่ที่ใช้เสาไม้ถึง 112 ต้น จัดว่าใหญ่ที่สุดในประเทศไทย ภายในวัดประดิษฐานพระพุทธรูปทรงเครื่องที่สร้างจากทองคำบริสุทธิ์ ถึง 3 องค์ น้ำหนักกว่า 12 กิโลกรัม ซึ่งวัดจะนำออกแห่รอบเมืองในงานทอดกฐินเป็นประจำทุกปี เพื่อให้ชาวเมืองได้สักการบูชา&nbsp;ปัจจุบันอยู่ทางวัดอยู่ระหว่างการก่อสร้างเจดีย์ศรีมหาสารคาม ซึ่งจะกลายเป็นพระเจดีย์สำคัญแห่งที่สองของจังหวัดมหาสารคามรองจากพระธาตุนาดูน ปัจจุบันวัดป่าวังน้ำเย็นมีนักเที่ยวเดินทางมาเยี่ยมชมมิได้ขาดและเพิ่มมากขึ้นเรื่อยๆ ส่วนตัววัดก็มีการก่อสร้างเพิ่มขึ้นเรื่อยล้วนแต่เป็นสิ่งสวยงามที่แสดงถึงความรุ่งเรืองของพระพุทธศาสนาของเมืองตักศิลานคร</span><br></p>', '93c5ddcf8848421d0b104e4aab76b642.jpg', '<iframe src=\"https://www.google.com/maps/embed?pb=!1m18!1m12!1m3!1d3831.3487605777245!2d103.30190601536192!3d16.202500340155044!2m3!1f0!2f0!3f0!3m2!1i1024!2i768!4f13.1!3m3!1m2!1s0x3122a6828202bfaf%3A0x78d817ef295aa3fb!2z4Lin4Lix4LiU4Lib4LmI4Liy4Lin4Lix4LiH4LiZ4LmJ4Liz4LmA4Lii4LmH4LiZ!5e0!3m2!1sth!2sth!4v1627033010192!5m2!1sth!2sth\" width=\"600\" height=\"450\" style=\"border:0;\" allowfullscreen=\"\" loading=\"lazy\"></iframe>', 3, 1, 4, 1, 1, 1, 2, 2, 2, 3, 5981, '2021-07-23 06:19:54', '2021-10-28 10:38:06'),
(27, 'วัดหนองหูลิง', 4, 'วัดหนองหูลิง วัดนี้เป็นที่ตั้งของอุโบสถรูปเรือที่เรียกว่า \"อนันตนาคราช\" สร้างขึ้นจากความเชื่อที่ว่าถ้าใครทำดีย่อมไม่มีทุกข์ ราวกับยกเรือลำนี้ขึ้นสวรรค์ สถาปัตยกรรมในวัดนี้มีความสวยงามและยิ่งใหญ่ด้วยสไตล์ที่เป็นเอกลักษณ์', '<p><span style=\"color: rgb(85, 85, 85); font-family: Kanit;\">&nbsp; &nbsp; &nbsp;โบสถ์รูปเรือนี้หมายถึงเรือบุญ เมื่อจะเข้าโบสถ์ต้องลอดใต้พระราหุลเพื่อให้พระราหุลกลืนกินสิ่งไม่ดีในตัวเรา ประตูที่เล็กและต่ำจะทำให้เราต้องรู้จักนอบน้อมถ่อมตน และเมื่อเงยหน้าขึ้นก็จะเห็นพระประธานปรางค์ประถมเทศนาศิลปะแบบทวารวดีอยู่ตรงหน้าพอดี เดินรอบโบสถ์เพื่อเรียนรู้ปริศนาธรรมที่ซ้อนไว้ในมุมต่างๆของโบสถ์เต็มไปหมด นี้เป็นผลงานการออกแบบของท่านเจ้าอาวาส คือท่านพระครูบวรธรรมปคุณ และก่อสร้างโดยช่างชาวบ้านในชุมชน แต่หากได้ผลงานศิลปะที่สวยงามลงตัวทรงคุณค่า เปรียบดั่งเรือโนอาห์แห่งพระพุทธศาสนา เพียงมิได้สร้างไว้เพื่อบรรจุสิงสาราสัตว์ หากแต่สร้างไว้บรรจุบุญและความดี เชิญชมได้ที่ อ.แกดำ จ.มหาสารคาม&nbsp;</span><br style=\"color: rgb(85, 85, 85); font-family: Kanit-Regular;\"><span style=\"color: rgb(85, 85, 85); font-family: Kanit;\">การเดินไปที่วัดนี้ให้เดินทางโดยใช้เส้นทางสายร้อยเอ็ด ออกจากสารคามราว 10 กิโลเมตร จะถึงบ้านเขวามองหาป้ายวัดหนองหูลิงแล้วเลี้ยวขวา เดินทางไปเรื่อยจนถึงบ้านหนองหูลิง&nbsp;(เส้นทางนี้สามารถเชื่อมต่อไปยังสะพานไม้แกดำได้ด้วย) นักท่องเที่ยวส่วนใหญ่จึงนิยมวางทริปเที่ยววัดนี้ ต่อเนื่องกับสะพานไม้แกดำเสมอๆ</span><br></p>', '09505869965b745e56ff70661bc932eb.jpg', '<iframe src=\"https://www.google.com/maps/embed?pb=!1m18!1m12!1m3!1d3833.2523948953326!2d103.39336661536133!3d16.104239342775102!2m3!1f0!2f0!3f0!3m2!1i1024!2i768!4f13.1!3m3!1m2!1s0x31180711c4608e49%3A0x3d9bd55d832325d!2z4Lin4Lix4LiU4Lir4LiZ4Lit4LiH4Lir4Li54Lil4Li04LiH!5e0!3m2!1sth!2sth!4v1627033130288!5m2!1sth!2sth\" width=\"600\" height=\"450\" style=\"border:0;\" allowfullscreen=\"\" loading=\"lazy\"></iframe>', 1, 1, 1, 1, 1, 3, 3, 3, 2, 1, 2724, '2021-07-23 06:25:39', '2021-10-28 10:38:13'),
(28, 'วัดวังปลาโด', 4, ' วัดวังปลาโด เป็นวัดที่กำลังก่อสร้างเจดีย์ \"พระพุทธเมตตา\" ซึ่งเป็นแบบจำลองมาจาก พุทธคยา ประเทศอินเดีย ด้วยดำริของพระครูปริยัติภาวนานิเทศก์ (หลวงตาโสบิน โสปาโก โพธิ) ซึ่งเป็นพระธรรมทูตรุ่นแรกๆของประเทศไทยที่ออกไปเผยแพร่ศาสนาพุทธยังต่างประเทศ', '<p><span style=\"color: rgb(85, 85, 85); font-family: Kanit;\">&nbsp; &nbsp; &nbsp; วัดวังปลาโด เป็นวัดที่กำลังก่อสร้างเจดีย์ \"พระพุทธเมตตา\" ซึ่งเป็นแบบจำลองมาจาก พุทธคยา ประเทศอินเดีย ด้วยดำริของพระครูปริยัติภาวนานิเทศก์ (หลวงตาโสบิน โสปาโก โพธิ) ซึ่งเป็นพระธรรมทูตรุ่นแรกๆของประเทศไทยที่ออกไปเผยแพร่ศาสนาพุทธยังต่างประเทศ ครั้งท่านเดินทางไปยังประเทศอินเดีย ณ สถานที่ตรัสรู้ของพระพุทธเจ้า พระครูได้ตั้งจิตอธิฐานว่าจะสร้างองค์จำลองของพุทธคยาไว้ที่ประเทศไทย เพื่อให้คนไทยที่ไม่สามารถเดินทางมาประเทศอินเดียได้มีที่น้อมรำลึกถึงการตรัสรู้ของพระพุทธเจ้า พระครูจึงเลือกเอาวัดวังปลาโดอันเป็นบ้านเกิดของท่านในการก่อสร้างเจดีย์นี้ บริเวรรอบๆพระเจดีย์ยังได้มีการก่อสร้างสถานที่จำลองการประสูติและปรินิพพานของพระพุทธเจ้าเอาไว้ด้วย ภายในองค์พระเจดีย์ยังได้ประดิษฐานพระประทาน \"พระพุทธเมตตาหินหยกขาว\" ซึ่งหินหยกนี้ได้มาจากประเทศพม่ามีการทำเรื่องร้องขอรัฐบาลพม่าเพื่อนำหินหยกขาวเข้ามาแกะสลักเป็นพระพุทธรูปที่อำเภอแม่สาย จังหวัดเชียงราย โดยแล้วเสร็จเมื่อวันที่ 11 เมษายน 2548 จึงทำการอันเชิญเดินทางมายังวัดวังปลาโดโดยระหว่างทางด้ทำพิธีพุทธาภิเษกมาตลอดการเดินทางและมีการแวะตามวัดต่างๆ เช่น แวะที่พระธาตุดอยสุเทพ จังหวัดเชียงใหม่ 3 วัน วัดพระธาตุวังหลัง จังหวัดลำปาง 1 วัน 1 คืน วัดนางพระยา จังหวัดพิษณุโลก 1 คืน แวะที่ศาลพ่อขุนผาเมือง จังหวัดเพชรบูรณ์ 1 คืน แวะที่สำนักสงฆ์ พระอาจารย์ ดร.มหาบาง จังหวัดขอนแก่น ต่อมาที่วัดบ้านแพง อำเภอโกสุมพิสัย จังหวัดมหาสารคาม และแวะวัดสุดท้ายที่วัดเณรัญชรา จังหวัดมหาสารคาม จึงมาถึงวัดวังปลาโด 11 พฤษภาคม 2548 เป็นเวลา 1 เดือนเต็มในการอันเชิญในทุกวัดที่แวะก็ได้มีการจัดพิธีพุทธาภิเษกทั้งสิ้น เป็นที่มาของแรงศรัทธษของพระครูปริยัติภาวนานิเทศก์ที่มีต่อพระพุทธศาสนาอันจะส่งต่อแก่พุทธศาสนิกชนให้สืบทอดต่อไป</span><br></p>', '2d04936dd18159065a893b48e5766a69.jpg', '<iframe src=\"https://www.google.com/maps/embed?pb=!1m18!1m12!1m3!1d3834.8756865221694!2d103.03559161536062!3d16.019985545009764!2m3!1f0!2f0!3f0!3m2!1i1024!2i768!4f13.1!3m3!1m2!1s0x31187120e91e0f0f%3A0x52143ac390b6f086!2z4Lin4Lix4LiU4Lin4Lix4LiH4Lib4Lil4Liy4LmC4LiU!5e0!3m2!1sth!2sth!4v1627033200767!5m2!1sth!2sth\" width=\"600\" height=\"450\" style=\"border:0;\" allowfullscreen=\"\" loading=\"lazy\"></iframe>', 1, 1, 1, 1, 1, 1, 4, 3, 3, 4, 9762, '2021-07-23 06:28:32', '2021-08-20 02:56:18'),
(29, 'วัดป่าหนองซอน', 4, 'วัดป่าหนองสน เป็นที่ตั้งของอุโบสถที่สวยงาม สร้างด้วยศิลปะลาว (ลานช้าง) อุโบสถนี้วางพระพุทธรูปองค์ใหญ่สวยงาม ประตูและหน้าต่างของอุโบสถเป็นไม้แกะสลักเกี่ยวกับพระพุทธศาสนา', '<p><span style=\"color: rgb(85, 85, 85); font-family: Kanit;\">&nbsp; &nbsp; &nbsp; &nbsp;วัดป่าหนองซอนเดิมเป็นโคก (ป่าเล็กๆประจำหมู่บ้าน) มีพระธุดงค์จาริกมาวิปัสนา ณ ที่แห่งนี้เป็นประจำจนในที่สุดก็มีการตั้งวัดสายธรรมยุตขึ้นที่นี่ เป็นวัดป่าที่มีผู้คนเข้ามาปฏิธรรมมิได้ขาด พระครูโชติวรคุณ พระปฏิบัติสายหลวงปู่ชา เจ้าคณะอำเภอโกสุม-เชียงยืน (ธรรมยุตนิกาย) ได้มีดำริสร้างโบสถ์เพื่อประกอบพิธีทางศาสนาขึ้นที่นี่เพื่อธรรมรงณ์ไว้ซึ่งศิลปวัฒนธรรมของคนในชุมชน ชาวบ้านเเละลูกศิษย์ลูกหาจึงได้ร่วมกันถวายทุนทรัพย์ในการสร้าง โดยได้ไปศึกษาแบบจากประเทศลาว โดยตัวโบสถ์มีความกว้าง 20 เมตร ยาว 30 เมตรสูง 20 เมตร ใช้เวลาก่อสร้าง 9 ปี จึงแล้วเสร็จ เป็นโบถส์หรือสิมในภาษาอีสาน ชาวบ้านเรียกติดปากว่า สิมวัดป่าบ้านหนองซอน เป็นสิมศิลปล้านช้างเพียงไม่กี่แห่งในภาคอีสานหาชมได้ยากยิ่ง ภายในประดิษฐานองค์จำลองพระพุทธชินราชที่สง่างาม ภายในโบถส์เป็นเครื่องไม้แกะสลักอย่างวิจิตรบรรจง หากนักท่องเที่ยวแวะเวียนมาทางอำเภอเชียงยืน ไม่ควรพลาดสถานที่แห่งนี้</span><br></p>', '76c65b685834dbcc0c05a52df218c31d.jpg', '<iframe src=\"https://www.google.com/maps/embed?pb=!1m18!1m12!1m3!1d3828.490702267025!2d103.11266581536299!3d16.348947036222214!2m3!1f0!2f0!3f0!3m2!1i1024!2i768!4f13.1!3m3!1m2!1s0x3122971b181efd25%3A0x613c25f0577f7ee8!2z4Liq4Li04Lih4Lin4Lix4LiU4Lib4LmI4Liy4Lia4LmJ4Liy4LiZ4Lir4LiZ4Lit4LiH4LiL4Lit4LiZ!5e0!3m2!1sth!2sth!4v1627033255135!5m2!1sth!2sth\" width=\"600\" height=\"450\" style=\"border:0;\" allowfullscreen=\"\" loading=\"lazy\"></iframe>', 1, 4, 1, 1, 3, 4, 3, 3, 3, 3, 2753, '2021-07-23 06:32:51', '2021-08-20 02:55:38'),
(30, 'กู่น้อย', 3, 'กู่น้อยตั้งอยู่ไม่ไกลจากกู่สันตรัตน์ ห่างกันราว 1 กม. เป็นศิลปะแบบปาปวนและนครวัดของเขมร เป็นศาสนสถานในศาสนาฮินดู สร้างด้วยศิลาแลงและหินทราย มีเครื่องบนเป็นไม้หลังคามุงกระเบื้อง อายุราวพุทธศตวรรษที่ 17 บริเวณโดยรอบมีบ่อน้ำรูปเกือกม้าล้อมรอบ สวยงามมีเอกลักษณ์ควรค่าแก่การมาศึกษาและเยี่ยมชม', '<p><span style=\"color: rgb(85, 85, 85); font-family: Kanit;\">กู่น้อยตั้งอยู่ไม่ไกลจากกู่สันตรัตน์ ห่างกันราว 1 กม. เป็นศิลปะแบบปาปวนและนครวัดของเขมร เป็นศาสนสถานในศาสนาฮินดู สร้างด้วยศิลาแลงและหินทราย มีเครื่องบนเป็นไม้หลังคามุงกระเบื้อง อายุราวพุทธศตวรรษที่ 17 บริเวณโดยรอบมีบ่อน้ำรูปเกือกม้าล้อมรอบ สวยงามมีเอกลักษณ์ควรค่าแก่การมาศึกษาและเยี่ยมชม</span><br></p>', '05668481a0f841ab8c3ecf0889aa63c7.jpg', '<iframe src=\"https://www.google.com/maps/embed?pb=!1m18!1m12!1m3!1d3840.9122187290172!2d103.26968301535855!3d15.702809653322921!2m3!1f0!2f0!3f0!3m2!1i1024!2i768!4f13.1!3m3!1m2!1s0x31183dd4a81a6ccd%3A0x55b3cbfd03c0de29!2z4LiB4Li54LmI4LiZ4LmJ4Lit4Lii!5e0!3m2!1sth!2sth!4v1627033308680!5m2!1sth!2sth\" width=\"600\" height=\"450\" style=\"border:0;\" allowfullscreen=\"\" loading=\"lazy\"></iframe>', 4, 1, 1, 1, 1, 1, 2, 2, 3, 1, 2190, '2021-07-23 06:41:03', '2021-08-20 03:02:09'),
(31, 'พิพิธพัณฑ์บ้านอีสาน', 3, ' เป็นแหล่งรวบรวมข้อมูลและจัดแสดงสภาพชีวิต ความเป็นอยู่ สภาพสังคมและวัฒนธรรมของชาวอีสาน', '<p><span style=\"color: rgb(102, 102, 102); font-family: Kanit, sans-serif;\">&nbsp;เป็นแหล่งรวบรวมข้อมูลและจัดแสดงสภาพชีวิต ความเป็นอยู่ สภาพสังคมและวัฒนธรรมของชาวอีสาน ตามแนวคิดการศึกษาที่สมบูรณ์จะต้องสร้างความสัมพันธ์ที่สมดุลกันระหว่างวิทยาศาสตร์และสังคมศาสตร์ โดยแบ่งออกเป็นบริเวณต่างๆ ได้แก่ โรงเกวียน หมู่บ้านอีสาน เถียงนา กองฟาง โรงแสดงกลางแจ้ง และบริเวณที่พักผ่อน ภายในบริเวณหมู่บ้านอีสาน จัดแสดงความสัมพันธ์ระหว่างรูปแบบของเรือนกับวิถีชีวิตระบบ ครอบครัว เครือญาติ เศรษฐกิจ ความเชื่อทางศาสนา ฯลฯ ภายในเรือนอีสานแต่ละหลังได้จัดเป็นพิพิธภัณฑ์ที่มีชีวิตเกี่ยวกับวิถีชีวิตของชาวอีสาน รวมทั้งข้อมูลที่แสดงความสัมพันธ์กับการใช้ประโยชน์ และความเชื่อในการใช้พันธุ์ไม้ของชาวอีสาน</span><br></p>', 'a04970d5a35a7c8959023a241e084424.jpg', '<iframe src=\"https://www.google.com/maps/embed?pb=!1m18!1m12!1m3!1d3840.8843865682534!2d103.22845221535857!3d15.70428635328454!2m3!1f0!2f0!3f0!3m2!1i1024!2i768!4f13.1!3m3!1m2!1s0x31183ef80c29ddc1%3A0xb4b07f4544ba4a56!2z4Lie4Li04Lie4Li04LiY4Lig4Lix4LiT4LiR4LmM4Lia4LmJ4Liy4LiZ4Lit4Li14Liq4Liy4LiZIOC4oeC4q-C4suC4p-C4tOC4l-C4ouC4suC4peC4seC4ouC4oeC4q-C4suC4quC4suC4o-C4hOC4suC4oQ!5e0!3m2!1sth!2sth!4v1627033359455!5m2!1sth!2sth\" width=\"600\" height=\"450\" style=\"border:0;\" allowfullscreen=\"\" loading=\"lazy\"></iframe>', 2, 1, 1, 1, 1, 1, 2, 1, 3, 1, 8666, '2021-07-23 06:45:52', '2021-08-20 03:02:46'),
(32, 'สิมวัดโพธิ์ธาราม', 3, 'สิมวัดโพธาราม มีรูปแบบเป็นสิมทึบ ก่ออิฐถือปูนฐานสูง หลังคาทรงจั่วมีเสารองรับปีกนก โดยรอบอาคารแต่เดิมหลังคามุงด้วยกระเบื้องแบบแป้นเกล็ด หลังคาประดับด้วยโหง่ ช่อฟ้ากลางสั้นหลังคามีเครื่องลำยอง และหางหงส์ ฝีมือช่างพื้นบ้าน ด้านข้างเจาะช่องหน้าต่างสี่เหลี่ยมเล็กๆ บันไดก่ออิฐฉาบปูน ทั้งภายนอกและภายในเขียนภาพจิตรกรรมฝาผนัง โดยฝีมือช่างชื่อ นายสิงห์ สีที่ใช้เป็นสีฟ้าคราม เขียว ขาว ผนังด้านในเขียนเรื่องพุทธประวัติ พระเวสสันดรชาดก ส่วนผนังด้านนอกเขียนเรื่องพุทธประวัติ พระเวสสันดรชาดก สินไซ และพระมาลัยโปรดสัตว์ ภาพแต่ละตอนเขียนอักษรไทยน้อยบรรยายภาพไว้เป็นช่วงๆ', '<p><span style=\"color: rgb(51, 51, 51); font-family: Kanit; font-size: 14px;\">สิมวัดโพธาราม มีรูปแบบเป็นสิมทึบ ก่ออิฐถือปูนฐานสูง หลังคาทรงจั่วมีเสารองรับปีกนก โดยรอบอาคารแต่เดิมหลังคามุงด้วยกระเบื้องแบบแป้นเกล็ด หลังคาประดับด้วยโหง่ ช่อฟ้ากลางสั้นหลังคามีเครื่องลำยอง และหางหงส์ ฝีมือช่างพื้นบ้าน ด้านข้างเจาะช่องหน้าต่างสี่เหลี่ยมเล็กๆ บันไดก่ออิฐฉาบปูน ทั้งภายนอกและภายในเขียนภาพจิตรกรรมฝาผนัง โดยฝีมือช่างชื่อ นายสิงห์ สีที่ใช้เป็นสีฟ้าคราม เขียว ขาว ผนังด้านในเขียนเรื่องพุทธประวัติ พระเวสสันดรชาดก ส่วนผนังด้านนอกเขียนเรื่องพุทธประวัติ พระเวสสันดรชาดก สินไซ และพระมาลัยโปรดสัตว์ ภาพแต่ละตอนเขียนอักษรไทยน้อยบรรยายภาพไว้เป็นช่วงๆ</span><br></p>', 'ad334ec0835ef74c4f71202cf1f6b3e4.jpg', '<iframe src=\"https://www.google.com/maps/embed?pb=!1m18!1m12!1m3!1d61454.12455341181!2d103.19562144365513!3d15.70437134593687!2m3!1f0!2f0!3f0!3m2!1i1024!2i768!4f13.1!3m3!1m2!1s0x31183eb378399bd7%3A0xc5f19b02eefff8f6!2z4Lin4Lix4LiU4LmC4Lie4LiY4Liy4Lij4Liy4Lih!5e0!3m2!1sth!2sth!4v1627033404194!5m2!1sth!2sth\" width=\"600\" height=\"450\" style=\"border:0;\" allowfullscreen=\"\" loading=\"lazy\"></iframe>', 1, 1, 4, 1, 4, 1, 2, 4, 4, 4, 8181, '2021-07-23 06:49:09', '2021-08-20 03:03:25'),
(33, 'สิมวัดป่าเลไลย์', 3, 'วัดป่าเลไลย์เดิมเป็นเพียงสำนักสงฆ์  ต่อมา ราษฎรได้ช่วยกันสร้างขึ้นเป็นวัดเรียกว่า “วัดบ้านหนองพอก” ตามชื่อหมู่บ้านและได้รับพระราชทานวิสงคามสีมาเมื่อวันที่ ๔ มิถุนายน พ.ศ. ๒๔๖๐  ต่อมาใน พ.ศ. ๒๔๘๕ พระครูพิสัยนวการเจ้าคณะอำเภอนาดูนขณะนั้นได้ริเริ่มให้เปลี่ยนชื่อใหม่เป็น “วัดป่าเลไลย์”', '<p>วัดป่าเลไลย์เดิมเป็นเพียงสำนักสงฆ์&nbsp; ต่อมา ราษฎรได้ช่วยกันสร้างขึ้นเป็นวัดเรียกว่า “วัดบ้านหนองพอก” ตามชื่อหมู่บ้านและได้รับพระราชทานวิสงคามสีมาเมื่อวันที่ ๔ มิถุนายน พ.ศ. ๒๔๖๐&nbsp; ต่อมาใน พ.ศ. ๒๔๘๕ พระครูพิสัยนวการเจ้าคณะอำเภอนาดูนขณะนั้นได้ริเริ่มให้เปลี่ยนชื่อใหม่เป็น “วัดป่าเลไลย์”</p><p>&nbsp; &nbsp; &nbsp; &nbsp; &nbsp; &nbsp;สำหรับสิมซึ่งเป็นที่ตั้งของจิตรกรรมนั้นสร้างขึ้นเมื่อครั้งพระอธิการเหยวเป็นเจ้าอาวาส ผู้ดำริให้สร้างคือพระครูจันทรศรีรัตนคุณ เจ้าคณะอำเภอนาดูนในขณะนั้น ส่วนฮูปแต้มเขียนโดยนายสิงห์ วงศ์วาด ช่างคนเดียวกับที่เขียนฮูปแต้มที่วัดโพธาราม บ้านดงบังที่อยู่ใกล้ๆ กัน จากการสัมภาษณ์นางอ่อน วงศ์วาด ลูกสะใภ้ของนายสิงห์โดยสุมาลี เอกชนนิยม สามีนางอ่อนคือช่างลี เป็นบุตรชายและผู้ช่วยช่างสิงห์ในการเขียนรูปทั้งที่วัดโพธารามและวัดป่าเลไลย์ร่วมกับลูกศิษย์ช่างสิงห์อีกหลายคน แต่เขียนที่วัดป่าเลไลย์ยังไม่ทันเสร็จก็เกิดขัดแย้งกับผู้ที่มาติดต่อให้ไปเขียนรูปจนเลิกทำ ฮูปแต้มที่วัดนี้จึงไม่เสร็จสมบูรณ์มาจนทุกวันนี้</p><p>&nbsp; &nbsp; &nbsp; &nbsp; &nbsp; &nbsp;วัดนี้ได้ประกาศขึ้นทะเบียนเป็นโบราณสถานเมื่อวันที่ ๒๒ ธันวาคม&nbsp; ๒๕๓๖</p>', '85e6850122ff436059b57d31e92b387e.jpg', '<iframe src=\"https://www.google.com/maps/embed?pb=!1m18!1m12!1m3!1d1920.8602609725242!2d103.24535410820059!3d15.659864029933233!2m3!1f0!2f0!3f0!3m2!1i1024!2i768!4f13.1!3m3!1m2!1s0x31183eb55e48ddcb%3A0xb436681cc6024243!2z4Liq4Li04Lih4Lin4Lix4LiU4Lib4LmI4Liy4LmA4Lij4LmE4Lij4Lii4LmM!5e0!3m2!1sth!2sth!4v1627033474071!5m2!1sth!2sth\" width=\"600\" height=\"450\" style=\"border:0;\" allowfullscreen=\"\" loading=\"lazy\"></iframe>', 2, 4, 3, 1, 4, 1, 2, 1, 3, 2, 4773, '2021-07-23 06:53:43', '2021-08-20 03:04:08'),
(34, 'วังมัจฉาโขงกุดหวาย', 5, 'อุทยานมัจฉา ตั้งอยู่บ้านโขงกุดหวาย หมู่ที่ 7 ตำบลเกิ้ง อำเภอเมือง จังหวัดมหาสารคาม หางจากเขตเทศบาลเมืองมหาสารคาม 6 กิโลเมตร ตามเส้นทางมหาสารคาม มุกดาหารบริเวณอุทยานตั้งอยู่ในกุดหวาย คาว่ากุด หมายถึงทางน้ำทีแม่น้ำเปลี่ยนทางเดินเป็นเวลานาน บริเวณกุดหวายทีว่านี้ เดิมต้นหวายเกิดล้อมรอบ สวนตรงเนินกลางกุดมีหญ้าคา หญ้าแฝกงอกงามมากตรงบริเวณหัวคุ้งน้ำ พระครูพิทักษ์โกสุมพิสัย (ญาครูโม่ง) เจ้าอาวาสวัดโพธิ์ศรีได้ไปตั้งสำนักสงฆ์เพื่อเป็นสวนหญ้า สำหรับเกี่ยวมามุงศาสนสถานในสมัยโบราณ ปัจจุบันบริเวณนี้ชาวบ้านได้ตั้งเป็นวัดชื่อ พิทักษ์สามัคคีโพธิ์ศรี 2 ', '<p>&nbsp; เมื่อพุทธศักราช 2537 ศูนย์บริการเกษตรกรรมเคลื่อนที่และกรมชลประทาน ได้ขุดลอกเป็นคุ้งน้ำตามแนวเดิมทีกว้างที่สุดประมาณ 120 เมตร ลึกจากผิวดิน 10 เมตร โค้งเป็นรูปเกือกมายาวประมาณ 800 เมตร มีความจุน้ำประมาณ 96,000 ลูกบาศก์เมตร ด้านทิศตะวันตกมีทางน้ำธรรมชาติ ไหลล้นลงลำน้ำรอบกุดด้านทิศเหนือมีหมู่บ้านโขงกุดหวายตั้งอยู่ ประชากรเป็นคนไทยลาวและไทยโคราช&nbsp;</p><p>&nbsp; &nbsp; &nbsp; &nbsp; &nbsp;พุทธศักราช 2537 ประมาณเดือนตุลาคมเกิดน้ำหลากท่วมสองฝังลำน้ำชีทะลักเข้าโขงกุดหวาย และไหลลงแม่น้ำมูล แม่น้ำโขงตามลำดับ ฝูงปลาเผาะ เป็นตระกูลปลาสวายชาวอีสานบางส่วนเรียกว่าปลาซวย ปลาวังก็มี สำหรับปลาเผาะนี้อาศัยอยู่ตามแม่น้ำโขง และปากแม่น้ำสาขาของแม่น้ำโขง เช่น ปากแม่น้ำมูล ได้รวมกันเป็นฝูงว่ายทวนกระแสน้ำขึ้นมา ซึ่งเป็นปรากฏการณ์ที่ไม่เคยมีมาก่อน อาจเป็นเพราะว่าแก่งตะนะ ซึ่งเป็นแก่งและซอกหินที่เคยอาศัย ถูกระเบิดเพื่อสร้างเขื่อนปากมูล ปลาเหล่านี้ไม่มีที่อาศัยจึงแตกตื่นทวนกระแสน้ำขึ้นมารวมกับปลาเลี้ยงทีน้ำท่วมบ่อ เช่น ปลาตะเพียน ยี่สก นิล ไน ได้มารวมกันอยู่ ในโขงกุดหวายจำนวนมาก โดยเฉพาะปลาเผาไม่มากกว่าชนิดอื่น และเป็นปลาขนาดใหญ่ปัจจุบันลำตัวยาวประมาณ 2 ศอก ชอบว่ายเหนือน้ำตามกินอาหารจากคนไปเทียวชม&nbsp;</p><p>เมื่อรวมปลาชนิดต่าง ๆ แล้วมีประมาณหลายแสนตัว ชาวบ้านถือเป็นโอกาสดี จึงร่วมกันปิดกั้นทางน้ำมิให้ไหลลงลำน้ำชี ต่อมาทางราชการได้เสริมคันดินให้แข็งแรงโดยมีความยาว 30 เมตร สันคันดินกว้าง 8 เมตร และร่วมกันตั้งชื่อว่า อุทยานมัจฉา การดำเนินงานในอุทยานใช้วัฒนธรรมนำการพัฒนา ทุกคนในหมู่บ้านร่วมมือกันโดยมีวัดในพุทธศาสนาเป็น ศูนย์กลาง&nbsp;</p><p>&nbsp; &nbsp; &nbsp; &nbsp; &nbsp;ภายในวัดก็จะมีสัตว์ที่ชาวบ้านนำมาวัดช่วยเลี้ยง ไม่ว่าจะเป็น จระเข้ สุนัขจิ้งจอก ลิง เยี่ยว กระต่าย นก และหนูตะเพา ฯลฯ และยังมี พิพิธภัณฑ์บ้านอีสาน อีกด้วย และได้จัดทำโครงการอนุรักษ์ปลาหน้าวัด เพื่อเฉลิมพระเกียรติพระบาทสมเด็จพระเจ้าอยู่หัวฉลองสิริราชสมบัติครบ 50ปี ห้ามจับสัตว์น้ำ หรือทำการประมงในที่รักษาพืชพันธ์ ผู้ฝ่าฝืนต้องรับโทษปรับไม่เกินหนึ่งหมื่นบาท หรือจำคุกไม่เกินหกเดือน หรือทั้งจำทั้งปรับ&nbsp;</p><p>&nbsp; &nbsp; &nbsp; &nbsp; &nbsp;อุทยานแห่งนี้ มีร้านจำหน่ายอาหารปลา มีสะพานไม้ ขนาดกว้าง 1 เมตร 60 เซนติเมตร ยาว 83 เมตร ข้ามคุ้งน้ำไปบริเวณวัด และใช้เป็นสถานที่ให้อาหารปลาและชมปลาได้ด้วย มีซุ้มริมฝั่งน้ำ 4 ซุ้ม แพลอยน้ำขนาด 3 x 5.50 เมตร จำนวน 10 แพ ให้นักท่องเที่ยวรับประทานอาหารและชมปลา เป็นแหล่งท่องเที่ยวทีมีประชาชนไปเที่ยวจำนวนมาก ทุกวัน&nbsp;</p>', 'edaf4b29d86515724234f8dac75cf30a.jpg', '<iframe src=\"https://www.google.com/maps/embed?pb=!1m18!1m12!1m3!1d3830.912037578818!2d103.31566771536205!3d16.224961239554077!2m3!1f0!2f0!3f0!3m2!1i1024!2i768!4f13.1!3m3!1m2!1s0x3122a5ca2a8e203d%3A0xfba6e8e74739dc8f!2z4Lit4Li44LiX4Lii4Liy4LiZ4Lih4Lix4LiI4LiJ4Liy4LmC4LiC4LiH4LiB4Li44LiU4Lir4Lin4Liy4Lii!5e0!3m2!1sth!2sth!4v1627030330845!5m2!1sth!2sth\" width=\"600\" height=\"450\" style=\"border:0;\" allowfullscreen=\"\" loading=\"lazy\"></iframe>', 2, 1, 2, 1, 2, 4, 3, 2, 1, 1, 7139, '2021-07-23 06:57:33', '2021-08-20 02:44:40'),
(35, 'วนอุทยาโกสัมพี', 5, '  ป่าหนองบุ้งเป็นป่าดงดิบตามธรรมชาติและมีศาลเจ้าปู่ ซึ่งเป็นที่เคารพบูชานับถือของชาวบ้านท้องถิ่นเป็นคู่บ้านคู่เมืองของชาวอำเภอโกสุมพิสัยมาตั้งแต่เดิม และจากการบอกเล่าของราษฎรผู้สูงอายุทั่วไปในท้องถิ่นว่า ไม่มีผู้ใดทราบว่าใครเป็นผู้สร้างศาลาเจ้าปู่หรือศาลเจ้าปู่ตาคนแรก แต่ศาลเจ้าปู่ได้มีการก่อสร้างบูรณะเพิ่มเติมให้อยู่ในสภาพดีเรื่อยมาจนถึงปัจจุบัน และยังเป็นป่าดงดิบตามธรรมชาติที่อยู่ใกล้ชุมชนที่สุดแห่งหนึ่งและยังมีลิงวอกอาศัยอยู่เป็นจำนวนมาก ซึ่งเป็นลิงวอกชนิดเดียวกับลิงวอกที่อยู่ในศาลพระกาฬ จังหวัดลพบุรี ต่อมากรมป่าไม้จึงได้ทำการสำรวจพื้นที่และจัดตั้งเป็นวนอุทยาน ซึ่งมีชื่อว่า วนอุทยานโกสัมพี เมื่อวันที่ 1 ตุลาคม 2519 เพื่อนุรักษ์ทรัพยากร-ธรรมชาติไว้เพื่อศึกษาและเป็นสถานที่พักผ่อนหย่อนใจของประชาชนทั่วไป', '<p>&nbsp; ป่าหนองบุ้งเป็นป่าดงดิบตามธรรมชาติและมีศาลเจ้าปู่ ซึ่งเป็นที่เคารพบูชานับถือของชาวบ้านท้องถิ่นเป็นคู่บ้านคู่เมืองของชาวอำเภอโกสุมพิสัยมาตั้งแต่เดิม และจากการบอกเล่าของราษฎรผู้สูงอายุทั่วไปในท้องถิ่นว่า ไม่มีผู้ใดทราบว่าใครเป็นผู้สร้างศาลาเจ้าปู่หรือศาลเจ้าปู่ตาคนแรก แต่ศาลเจ้าปู่ได้มีการก่อสร้างบูรณะเพิ่มเติมให้อยู่ในสภาพดีเรื่อยมาจนถึงปัจจุบัน และยังเป็นป่าดงดิบตามธรรมชาติที่อยู่ใกล้ชุมชนที่สุดแห่งหนึ่งและยังมีลิงวอกอาศัยอยู่เป็นจำนวนมาก ซึ่งเป็นลิงวอกชนิดเดียวกับลิงวอกที่อยู่ในศาลพระกาฬ จังหวัดลพบุรี ต่อมากรมป่าไม้จึงได้ทำการสำรวจพื้นที่และจัดตั้งเป็นวนอุทยาน ซึ่งมีชื่อว่า วนอุทยานโกสัมพี เมื่อวันที่ 1 ตุลาคม 2519 เพื่อนุรักษ์ทรัพยากร-ธรรมชาติไว้เพื่อศึกษาและเป็นสถานที่พักผ่อนหย่อนใจของประชาชนทั่วไป<br></p>', '32aa5805b9f88197a491cb0911291e4b.jpg', '<iframe src=\"https://www.google.com/maps/embed?pb=!1m18!1m12!1m3!1d3830.356354751864!2d103.06508201536228!3d16.253496638789407!2m3!1f0!2f0!3f0!3m2!1i1024!2i768!4f13.1!3m3!1m2!1s0x31229bc5aa247557%3A0x80a446da629fa2eb!2z4Lin4LiZ4Lit4Li44LiX4Lii4Liy4LiZ4LmC4LiB4Liq4Lix4Lih4Lie4Li1!5e0!3m2!1sth!2sth!4v1627030284263!5m2!1sth!2sth\" width=\"600\" height=\"450\" style=\"border:0;\" allowfullscreen=\"\" loading=\"lazy\"></iframe>', 4, 1, 2, 4, 2, 2, 1, 2, 2, 2, 9617, '2021-07-23 07:02:08', '2021-08-20 02:48:43'),
(36, 'สะดืออีสาน', 3, 'สะดืออีสาน หรือ บึงกุย จังหวัดมหาสารคาม ตั้งอยู่ที่ตำบลหัวขวาง อำเภอโกสุมพิสัย มีความเชื่อสืบต่อกันมายาวนานว่าที่นี่เป็นจุดศูนย์กลางของภาคตะวันออกเฉียงเหนือ หรือใจกลางภาคอีสาน จึงเรียกกันว่าสะดืออีสาน มีลักษณะเป็นบึงน้ำขนาดใหญ่ ครอบคลุมพื้นที่ประมาณ 2,750 ไร่ อุดมสมบูรณ์ไปด้วยสัตว์น้ำมากมายหลายชนิด เป็นแหล่งทำมาหากินที่สำคัญของชาวโกสุมพิสัย และชาวมหาสารคาม อีกทั้งโดยรอบบึงยังมีทัศนียภาพที่สวยงาม บรรยากาศเงียบสงบ น่ามาเที่ยวพักผ่อน มีอาคารรูปทรงสวยงามตั้งเป็นสัญลักษณ์โดดเด่น', '<p>สะดืออีสาน หรือ บึงกุย จังหวัดมหาสารคาม ตั้งอยู่ที่ตำบลหัวขวาง อำเภอโกสุมพิสัย มีความเชื่อสืบต่อกันมายาวนานว่าที่นี่เป็นจุดศูนย์กลางของภาคตะวันออกเฉียงเหนือ หรือใจกลางภาคอีสาน จึงเรียกกันว่าสะดืออีสาน มีลักษณะเป็นบึงน้ำขนาดใหญ่ ครอบคลุมพื้นที่ประมาณ 2,750 ไร่ อุดมสมบูรณ์ไปด้วยสัตว์น้ำมากมายหลายชนิด เป็นแหล่งทำมาหากินที่สำคัญของชาวโกสุมพิสัย และชาวมหาสารคาม อีกทั้งโดยรอบบึงยังมีทัศนียภาพที่สวยงาม บรรยากาศเงียบสงบ น่ามาเที่ยวพักผ่อน มีอาคารรูปทรงสวยงามตั้งเป็นสัญลักษณ์โดดเด่น<br></p>', '0046bc369bbc1080780f815f7bac6407.jpg', '<iframe src=\"https://www.google.com/maps/embed?pb=!1m18!1m12!1m3!1d3830.85596794796!2d103.07238541536209!3d16.227842739476973!2m3!1f0!2f0!3f0!3m2!1i1024!2i768!4f13.1!3m3!1m2!1s0x31229bfbc7d0a595%3A0xd5fe785fdf28e432!2z4Liq4Liw4LiU4Li34Lit4Lit4Li14Liq4Liy4LiZ!5e0!3m2!1sth!2sth!4v1635377171406!5m2!1sth!2sth\" width=\"600\" height=\"450\" style=\"border:0;\" allowfullscreen=\"\" loading=\"lazy\"></iframe>', 2, 4, 3, 3, 1, 1, 1, 1, 1, 4, 5702, '2021-10-27 23:26:40', '2021-10-27 23:26:57'),
(37, 'วนอุทยานชีหลง', 5, 'ที่สาธารณประโยชน์โคกป่ายาง (ชีหลง) เป็นป่าเบญจพรรณตามธรรมชาติ ตั้งอยู่ริมฝั่งซ้ายแม่น้ำชีมีสภาพป่าสมบูรณ์ดี อยู่ไม่ไกลจากที่ชุมชน ในอดีตพื้นทางทิศตะวันตกยังไม่แยกขาดออกจากกันเช่นทุกวันนี้แม่น้ำชีจะไหลเวียนอ้อมพื้นที่บริเวณนี้ไปได้โดยตลอดทิศเหนือ ตะวันออก และทิศใต้ ต่อมาพื้นที่ส่วนที่คอดกิ่วทางทิศตะวันตก ถูกกระแสน้ำไหลกัดเซาะจนขาดเมื่อประมาณ ๑๐๐ ปีมาแล้ว ทำให้เกิดลำแม่น้ำชีเส้นใหม่ จึงทำให้ลำน้ำเดิมถูกแยกขาดทอดทิ้ง แปรสภาพพื้นที่ร้อยกว่าไร่เป็นเกาะ เนื่องจากอิทธิพลของธรรมชาติบันดาลให้ลำน้ำเปลี่ยนทิศทางนี่เอง บริเวณที่ดูคล้ายๆ ปากอ่าวทางด้านทิศตะวันตก ถูกกระแสน้ำพัดเอาดิน หิน ทราย ทับถมกลายเป็นคันฝายขนาดใหญ่ ทำหน้าที่เก็บกักน้ำไว้ตามธรรมชาติ ลำน้ำที่ได้แปรสภาพเป็นอ่างเก็บน้ำในเวลาต่อมาจนถึงปัจจุบัน ถูกขนานนามเรียกกันจนติดปากว่า “ชีหลง” ตราบเท่าทุกวันนี้ จึงเป็นจุดเด่นอย่างหนึ่งที่ดึงดูดใจอย่างยิ่ง จากความอุดมสมบูรณ์ของน้ำที่มีอยู่หล่อเลี้ยงตลอดปี ระดับน้ำลึกโดยเฉลี่ยประมาณ ไม่น้อยกว่า ๓ เมตร ขนาดกว้างโดยเฉลี่ย ๖๐ เมตร ระยะทางยาวประมาณ ๒,๐๐๐ เมตร ความจุน้ำโดยประมาณกว่าสามแสนลูกบาศก์เมตร ทำให้พรรณไม้ต่างๆขึ้นอยู่หนาแน่นเขียวชอุ่ม นกป่านานาชนิดได้อาศัยพื้นที่แห่งนี้ได้อย่างปลอดภัยและมีแหล่งหาอาหารอุดมสมบูรณ์', 'ที่สาธารณประโยชน์โคกป่ายาง (ชีหลง) เป็นป่าเบญจพรรณตามธรรมชาติ ตั้งอยู่ริมฝั่งซ้ายแม่น้ำชีมีสภาพป่าสมบูรณ์ดี อยู่ไม่ไกลจากที่ชุมชน ในอดีตพื้นทางทิศตะวันตกยังไม่แยกขาดออกจากกันเช่นทุกวันนี้แม่น้ำชีจะไหลเวียนอ้อมพื้นที่บริเวณนี้ไปได้โดยตลอดทิศเหนือ ตะวันออก และทิศใต้ ต่อมาพื้นที่ส่วนที่คอดกิ่วทางทิศตะวันตก ถูกกระแสน้ำไหลกัดเซาะจนขาดเมื่อประมาณ ๑๐๐ ปีมาแล้ว ทำให้เกิดลำแม่น้ำชีเส้นใหม่ จึงทำให้ลำน้ำเดิมถูกแยกขาดทอดทิ้ง แปรสภาพพื้นที่ร้อยกว่าไร่เป็นเกาะ เนื่องจากอิทธิพลของธรรมชาติบันดาลให้ลำน้ำเปลี่ยนทิศทางนี่เอง บริเวณที่ดูคล้ายๆ ปากอ่าวทางด้านทิศตะวันตก ถูกกระแสน้ำพัดเอาดิน หิน ทราย ทับถมกลายเป็นคันฝายขนาดใหญ่ ทำหน้าที่เก็บกักน้ำไว้ตามธรรมชาติ ลำน้ำที่ได้แปรสภาพเป็นอ่างเก็บน้ำในเวลาต่อมาจนถึงปัจจุบัน ถูกขนานนามเรียกกันจนติดปากว่า “ชีหลง” ตราบเท่าทุกวันนี้ จึงเป็นจุดเด่นอย่างหนึ่งที่ดึงดูดใจอย่างยิ่ง จากความอุดมสมบูรณ์ของน้ำที่มีอยู่หล่อเลี้ยงตลอดปี ระดับน้ำลึกโดยเฉลี่ยประมาณ ไม่น้อยกว่า ๓ เมตร ขนาดกว้างโดยเฉลี่ย ๖๐ เมตร ระยะทางยาวประมาณ ๒,๐๐๐ เมตร ความจุน้ำโดยประมาณกว่าสามแสนลูกบาศก์เมตร ทำให้พรรณไม้ต่างๆขึ้นอยู่หนาแน่นเขียวชอุ่ม นกป่านานาชนิดได้อาศัยพื้นที่แห่งนี้ได้อย่างปลอดภัยและมีแหล่งหาอาหารอุดมสมบูรณ์', 'c85b8e64117cb030ffa05dfcace634c1.jpg', '<iframe src=\"https://www.google.com/maps/embed?pb=!1m18!1m12!1m3!1d3830.89663520564!2d103.27859891536208!3d16.225752839532763!2m3!1f0!2f0!3f0!3m2!1i1024!2i768!4f13.1!3m3!1m2!1s0x3122a46c61907e37%3A0x72498f6f7d28acc2!2z4Lin4LiZ4Lit4Li44LiX4Lii4Liy4LiZ4LiK4Li14Lir4Lil4LiH!5e0!3m2!1sth!2sth!4v1635377355634!5m2!1sth!2sth\" width=\"600\" height=\"450\" style=\"border:0;\" allowfullscreen=\"\" loading=\"lazy\"></iframe>', 1, 3, 3, 1, 1, 1, 1, 1, 1, 2, 9156, '2021-10-27 23:30:11', '2021-10-27 23:30:19');

-- --------------------------------------------------------

--
-- Table structure for table `attraction_types`
--

CREATE TABLE `attraction_types` (
  `att_type_id` int(11) NOT NULL COMMENT 'รหัสประเภท',
  `att_type_name` varchar(255) NOT NULL COMMENT 'ชื่อประเภท',
  `att_type_created` timestamp NOT NULL DEFAULT current_timestamp() COMMENT 'วันที่สร้างข้อมูล',
  `att_type_updated` timestamp NOT NULL DEFAULT current_timestamp() ON UPDATE current_timestamp() COMMENT 'วันที่อัพเดตข้อมูลล่าสุด'
) ENGINE=InnoDB DEFAULT CHARSET=utf8;

--
-- Dumping data for table `attraction_types`
--

INSERT INTO `attraction_types` (`att_type_id`, `att_type_name`, `att_type_created`, `att_type_updated`) VALUES
(3, 'สถานที่ท่องเที่ยวเชิงประวัติศาสตร์', '2021-07-16 11:41:56', '2021-07-16 11:41:56'),
(4, 'สถานที่ท่องเที่ยวเชิงวัฒนธรรม', '2021-07-16 11:42:16', '2021-07-16 11:42:16'),
(5, 'สถานที่ท่องเที่ยวเชิงธรรมชาติ', '2021-07-16 11:42:31', '2021-07-16 11:42:31');

-- --------------------------------------------------------

--
-- Table structure for table `images`
--

CREATE TABLE `images` (
  `img_id` int(11) NOT NULL COMMENT 'รหัสรูปภาพ',
  `img_file` text NOT NULL COMMENT 'ไฟล์รูปภาพ',
  `att_id` int(11) NOT NULL COMMENT 'รหัสสถานที่ท่องเที่ยว',
  `img_created` timestamp NOT NULL DEFAULT current_timestamp() COMMENT 'วันที่สร้างข้อมูล'
) ENGINE=InnoDB DEFAULT CHARSET=utf8;

--
-- Dumping data for table `images`
--

INSERT INTO `images` (`img_id`, `img_file`, `att_id`, `img_created`) VALUES
(52, 'c580f17a942df6c3a875cd20e0d97253.jpg', 17, '2021-07-18 10:03:02'),
(53, 'dd99f4205dc9cf4f80718d98012023ff.jpg', 17, '2021-07-18 10:03:02'),
(54, 'dc061b4b9c652108bb62b8b74d196b99.jpg', 17, '2021-07-18 10:03:02'),
(55, '103745557bef0a832ba1521b877edd96.jpg', 18, '2021-07-18 10:31:44'),
(56, 'f8806a052c968a78bf6018f5e2f2bbef.jpg', 18, '2021-07-18 10:31:44'),
(57, 'd33c83306b1aa84cb821f54d97ab5944.jpg', 18, '2021-07-18 10:31:44'),
(58, 'a190354dc22fa1663704cd50e84dcf86.jpg', 18, '2021-07-18 10:31:44'),
(59, '7d236fb5a0658b1688bfec94a1047c12.jpg', 18, '2021-07-18 10:31:44'),
(60, '67458938a917f7f787bfb2dbc9d18c34.jpg', 19, '2021-07-18 10:46:58'),
(61, 'd34be70ac10d61831f0befadd0a8842f.jpg', 19, '2021-07-18 10:46:58'),
(62, 'f1d30c86953f6c2c05d5b989ec31f75d.jpg', 19, '2021-07-18 10:46:58'),
(63, '6d246f282e3a9d1214944a21b69c9e9e.jpg', 19, '2021-07-18 10:46:58'),
(64, '0e896947c775b4bf124772c6262d9bd7.jpg', 19, '2021-07-18 10:46:58'),
(65, '9ce186bbd4a09918c1691d6f38d436e2.jpg', 20, '2021-07-18 10:50:35'),
(66, '02335d98b1809a9711ce271437743914.jpg', 20, '2021-07-18 10:50:36'),
(67, 'fe8b93f0951442d45e6c02f305012d2e.jpg', 20, '2021-07-18 10:50:36'),
(68, '4cd5235adbe3a42b81b3617694913f10.jpg', 21, '2021-07-18 10:54:31'),
(69, 'd2d91ea7b9ddce1062c41b6ae01d2292.jpg', 22, '2021-07-18 10:57:50'),
(70, '00308bf891451fc26ff19dc9f55c5865.jpg', 22, '2021-07-18 10:57:50'),
(71, '8a36149b7186faf35f3062d84d84d797.jpg', 22, '2021-07-18 10:57:50'),
(72, '88be4e37b6651d185c67e32c39e52d94.jpg', 22, '2021-07-18 10:57:50'),
(73, '6695f98375edb401b9362530f9eff85d.jpg', 23, '2021-07-23 05:52:41'),
(74, '2ee196770fc7eb9f3ea6777e3b515bd7.jpg', 23, '2021-07-23 05:52:42'),
(75, '909ed1229e29092e9dc308474ef554fe.jpg', 23, '2021-07-23 05:52:42'),
(76, '223a78a5756f4147e1603297edaa64e9.jpg', 24, '2021-07-23 06:03:52'),
(77, '43224c32932e7272d83c69a0bd8de7ef.jpg', 24, '2021-07-23 06:03:52'),
(78, 'b93d8bc11c92ac48cde51148015d3860.jpg', 24, '2021-07-23 06:03:52'),
(79, 'a9062830b0bb229d4df99e8bbafbebdc.jpg', 25, '2021-07-23 06:12:33'),
(80, 'e8def7fdf48c43f197bc6db6b8c07f2d.jpg', 25, '2021-07-23 06:12:33'),
(81, '6165d6027a0e448b7c910bceb82c7f11.jpg', 25, '2021-07-23 06:12:33'),
(82, 'a35bf3eed8de734f014a088709d5962d.jpg', 26, '2021-07-23 06:19:54'),
(83, 'b5fbd3c7a3f96ff0ce64d460f39396a8.jpg', 26, '2021-07-23 06:19:54'),
(84, '904186f87669b2340c2c46a6575f162d.jpg', 26, '2021-07-23 06:19:54'),
(85, 'ef60402f42cd9511531166dfcc388ab4.jpg', 27, '2021-07-23 06:25:39'),
(86, '488bfa658c8c782ce2b94100bfaad4be.jpg', 27, '2021-07-23 06:25:40'),
(87, '9ccb021243674fbccfa6215a9492000b.jpg', 27, '2021-07-23 06:25:40'),
(88, '35450371b1375eefd681fa24f2f9be15.jpg', 27, '2021-07-23 06:25:40'),
(89, '47f422028ffdda3420aec6a70e561d78.jpg', 28, '2021-07-23 06:28:33'),
(90, 'ceef7e87f3e261b88ed078eb8db703f7.jpg', 28, '2021-07-23 06:28:33'),
(91, '34f5c383ddb30b952a275d337be211b0.jpg', 28, '2021-07-23 06:28:33'),
(92, 'd2cf944774e73aa0db670e72fef1d09e.jpg', 28, '2021-07-23 06:28:33'),
(93, '4d51a5d47f5bbf585fb341c49a421113.jpg', 29, '2021-07-23 06:32:51'),
(94, 'c6c012fbe67b20f44b1b35ba6c16e945.jpg', 29, '2021-07-23 06:32:51'),
(95, '85a0868188c23c3f06a082dc53ac4ba9.jpg', 29, '2021-07-23 06:32:51'),
(96, 'ebdd2f739155297a6bc2a9029fde5af5.jpg', 29, '2021-07-23 06:32:51'),
(97, 'ea351b4116841236134bfa5a18dc36ec.jpg', 30, '2021-07-23 06:41:03'),
(98, '08413f951ffe2ec1eb4270b7bb5b1377.jpg', 30, '2021-07-23 06:41:03'),
(99, 'ea18424e221c0bb0adbe358496c37d89.jpg', 30, '2021-07-23 06:41:03'),
(100, 'ad80ff361711ea8f8b0cb7fd3e47672c.jpg', 31, '2021-07-23 06:45:52'),
(101, 'cd62f16bdcc939a41d2dda531306b4e8.jpg', 31, '2021-07-23 06:45:52'),
(102, '9ae33c320571928dc4689f74842e264f.jpg', 31, '2021-07-23 06:45:52'),
(103, '3f5e5d563393c7875034defd0ce1f112.jpg', 32, '2021-07-23 06:49:09'),
(104, 'c3d0ee00074c20b9334b0803a807e3b0.jpg', 32, '2021-07-23 06:49:09'),
(105, '3f75d763ff55fe5cff3f7ed74c911f3c.jpg', 32, '2021-07-23 06:49:09'),
(106, '4b1e780b6c9f79d3fafe0be59c8a983a.jpg', 32, '2021-07-23 06:49:09'),
(107, '3dd0c123425e410f38dee7e5a72c5aa3.jpg', 33, '2021-07-23 06:53:43'),
(108, '7830875f65c33b56a1e2c7d25ef43ba6.jpg', 33, '2021-07-23 06:53:43'),
(109, 'e7e1ab43109a1273850b1148f608e580.jpg', 33, '2021-07-23 06:53:43'),
(110, '008fb34315b27e0dd860301a68380a82.jpg', 33, '2021-07-23 06:53:43'),
(111, 'b24d872a5eaa9dd207eaa4847ddcb5e4.jpg', 34, '2021-07-23 06:57:33'),
(112, '794e65408149f8c933ca5264455c716f.jpg', 34, '2021-07-23 06:57:33'),
(113, 'fe6fd96f747ff391134fcbc7f3633bbf.jpg', 34, '2021-07-23 06:57:33'),
(114, 'd80d57965a021ee73d8c50bdbc47f136.jpg', 35, '2021-07-23 07:02:08'),
(115, 'c4d69f02bcb60a43b203841ee84b11ce.jpg', 35, '2021-07-23 07:02:08'),
(116, '8a1dfae3b77335ad29c57c74b3316ba1.jpg', 35, '2021-07-23 07:02:08'),
(117, '378085fdcadb721151e6533ce3a00c82.jpg', 36, '2021-10-27 23:26:41'),
(118, '1e2e90b38f8fdb07dafe2a85a3146d5c.jpg', 36, '2021-10-27 23:26:41'),
(119, 'ef4f952ab3371fd0fea15e61063db903.jpg', 36, '2021-10-27 23:26:41'),
(120, '8ee387bdd699fb47420dd2b6a32c16ad.jpg', 36, '2021-10-27 23:26:41'),
(121, 'bf7e5a4481f1127ce6463c05930ea78f.jpg', 36, '2021-10-27 23:26:41'),
(122, 'ea476e551513e3f56d87c94378131f28.jpg', 37, '2021-10-27 23:30:11'),
(123, 'a908845e3f0a86cd6fc9bea9b549d274.jpg', 37, '2021-10-27 23:30:11'),
(124, 'c00a0b80ec66d3a80da29a522999c421.jpg', 37, '2021-10-27 23:30:11');

-- --------------------------------------------------------

--
-- Table structure for table `members`
--

CREATE TABLE `members` (
  `mem_username` varchar(255) NOT NULL COMMENT 'ชื่อผู้ใช้งาน',
  `mem_firstname` varchar(255) NOT NULL COMMENT 'ชื่อจริง',
  `mem_lastname` varchar(255) NOT NULL COMMENT 'นามสกุล',
  `mem_password` varchar(255) NOT NULL COMMENT 'รหัสผ่าน',
  `mem_email` varchar(255) NOT NULL COMMENT 'อีเมล',
  `mem_phone` char(10) NOT NULL COMMENT 'เบอร์โทรศัพท์',
  `mem_created` timestamp NOT NULL DEFAULT current_timestamp() COMMENT 'วันที่สร้างข้อมูล',
  `mem_updated` timestamp NOT NULL DEFAULT current_timestamp() ON UPDATE current_timestamp() COMMENT 'วันที่อัพเดตข้อมูลล่าสุด'
) ENGINE=InnoDB DEFAULT CHARSET=utf8;

--
-- Dumping data for table `members`
--

INSERT INTO `members` (`mem_username`, `mem_firstname`, `mem_lastname`, `mem_password`, `mem_email`, `mem_phone`, `mem_created`, `mem_updated`) VALUES
('ammy095', 'ธัญญารัตน์', 'โลตุฤทธิ์', '$2y$10$81dv1sTiY4Oca6UDzx0VzuHmXDSWPZSypd.jFZBGZfKyIes1fh.iC', 'ammy095@gmail.com', '1111111111', '2021-07-15 21:13:36', '2021-07-15 21:13:36'),
('member095', 'member095', 'member095', '$2y$10$QoVTCOpqLJN7L1olyXARWO3cDJOWBQHdNcPOEmIEdBI60XvSOWfle', 'member095@gmail.com', '0955555555', '2021-07-17 22:12:29', '2021-07-17 22:12:29'),
('test095', 'Test095', 'Test095', '$2y$10$QUB7l.wt.b6wCXHdYhOc4uTMBNi6PSpzlcTwLAAhRnid.Cfi0tZ8q', 'test095@gmail.com', '0955555555', '2021-07-17 22:06:20', '2021-07-17 22:06:20');

-- --------------------------------------------------------

--
-- Table structure for table `website`
--

CREATE TABLE `website` (
  `web_name` varchar(255) NOT NULL COMMENT 'ชื่อเว็บไซต์',
  `web_description` text NOT NULL COMMENT 'คำอธิบายเว็บไซต์',
  `web_keywords` text NOT NULL COMMENT 'คำค้นหาเว็บไซต์',
  `web_phone` char(10) NOT NULL COMMENT 'เบอร์โทรศัพท์',
  `web_email` varchar(255) NOT NULL COMMENT 'อีเมล',
  `web_logo` text NOT NULL COMMENT 'โลโก้'
) ENGINE=InnoDB DEFAULT CHARSET=utf8;

--
-- Dumping data for table `website`
--

INSERT INTO `website` (`web_name`, `web_description`, `web_keywords`, `web_phone`, `web_email`, `web_logo`) VALUES
('ระบบการตัดสินใจท่องเที่ยวเชิงพื้นที่ในจังหวัดมหาสารคาม', 'การตัดสินใจของมนุษย์ในปัจจุบันในการด าเนินชีวิตโดยทั่ว ๆ ไป มักจะเป็นการตัดสินใจแบบง่าย\r\nๆ โดยอาศัยการคาดคะเนจากประสบการณ์ และการตรึกตรองตามหลักเหตุผลเป็นบางส่วนซึ่งผลลัพธ์จาก\r\nการตัดสินใจแบบนี้อาจจะไม่ได้ผลลัพธ์ที่ตรงกับจุดประสงค์ที่คาดหวังไว้มากที่สุดเพราะในบางครั้งการ\r\nตัดสินใจลักษณะนี้อาจจะมีเรื่องของอารมณ์และความรู้สึกเข้ามาเกี่ยวข้องท าให้เกิดความล าเอียงในการ\r\nตัดสินใจได้ โดยเฉพาะอย่างยิ่งถ้าผู้ท าการตัดสินใจ (Decision Maker) ต้องเผชิญกับสถานการณ์ของ\r\nปัญหาที่ซับซ้อนและยากที่จะเปรียบเทียบความพึงพอใจได้ หรือในการตัดสินใจนั้นมีทางเลือกมากขึ้น\r\nส่งผลต่อการตัดสินใจ และบุคคลที่เกี่ยวข้องเพิ่มมากขึ้นการตัดสินใจจากการคาดการณ์และจาก\r\nประสบการณ์เพียงอย่างเดียวอาจไม่เพียงพอ ดังนั้นผู้ท าการตัดสินใจจึงจ าเป็นต้องใช้กระบวนการตัดสินใจ\r\nที่มีเหตุผลและยุติธรรมเข้ามาช่วยในการตัดสินใจ\r\nTOPSIS เป็นวิธีการตัดสินใจหลายหลักเกณฑ์น าเสนอ โดย Hwang and Yoon (1981)เป็นการ\r\nจัดล าดับความส าคัญสิ่งที่เราสนใจ โดยการเปรียบเทียบทั้งลักษณะที่เพิ่มขึ้นและลดลง โดยผลลัพธ์ที่\r\nต้องการให้มีลักษณะที่มีค่าเพิ่มขึ้น และผลลัพธ์ที่ได้ต้องการให้มีลักษณะที่มีค่าลดลง เพื่อส่งผลต่อการ\r\nตัดสินใจเลือกผลลัพธ์ ทั้งนี้มีนักวิจัยได้น าวิธี TOPSIS มาช่วยแก้ปัญหาการตัดสินใจที่ซับซ้อนเป็นจ านวน\r\nมาก เนื่องจากวิธีนี้มีขั้นตอนและวิธีคค านวณที่ไม่ซับซ้อนมากนัก Shanian and Savadogo (2006) ได้\r\nน า TOPSIS มาช่วยในการแก้ปัญหาการตัดสินใจในการเลือกสถานที่ท่องเที่ยวการตอบสนองความ\r\nต้องการของนักท่องเที่ยวได้อย่างรวดเร็ว ร่วมกับเทคนิคการเปรียบเทียบน ้าหนักเป็นคู่มาท าการวิเคราะห์\r\nเปรียบเทียบต าแหน่งทางเลือกหาทางเลือกที่ดีที่สุดในการใช้เป็นการเลือกสถานที่ท่องเที่ยวในจังหวัด\r\nมหาสารคามดีกว่าวิธีการพิจารณาโดยการหาค่าเฉลี่ยแบบเดิม\r\nเว็บไซต์ ช่วยในการเข้าถึงข้อมูลได้รวดเร็วขึ้น รวมทั้งในปัจจุบันได้มีการพัฒนาเว็ปไซต์เพื่อ\r\nตอบสนองความต้องการของผู้ใช้มากขึ้น ใช้ในการหาแหล่งท่องเที่ยวมีความสะดวกรวดเร็วและตรงใจกับ\r\nผู้ใช้บริการ ที่อยู่ในระบบปฏิบัติต่าง ๆ ทั้งเว็บไซต์ที่เปิดจาก\r\nคอมพิวเตอร์แบบพกพา โทรศัพท์เคลื่อนที่ และแท็บเล็ท', 'สถานที่ท่องเที่ยว,จังหวัดมหาสารคาม,แนะนำสถานที่ท่องเที่ยว,แก่งเลิงจาน,สิมวัดป่าหนองซอน,พระพุทธมงคล,พระบรมธาตุนาดูน,สะพานไม้แกดำ', '0123456789', 'ammy095@gmail.com', 'logo.png');

--
-- Indexes for dumped tables
--

--
-- Indexes for table `admins`
--
ALTER TABLE `admins`
  ADD PRIMARY KEY (`adm_username`);

--
-- Indexes for table `attractions`
--
ALTER TABLE `attractions`
  ADD PRIMARY KEY (`att_id`),
  ADD KEY `att_type_id` (`att_type_id`);

--
-- Indexes for table `attraction_types`
--
ALTER TABLE `attraction_types`
  ADD PRIMARY KEY (`att_type_id`);

--
-- Indexes for table `images`
--
ALTER TABLE `images`
  ADD PRIMARY KEY (`img_id`),
  ADD KEY `att_id` (`att_id`);

--
-- Indexes for table `members`
--
ALTER TABLE `members`
  ADD PRIMARY KEY (`mem_username`);

--
-- AUTO_INCREMENT for dumped tables
--

--
-- AUTO_INCREMENT for table `attractions`
--
ALTER TABLE `attractions`
  MODIFY `att_id` int(11) NOT NULL AUTO_INCREMENT COMMENT 'รหัสสถานที่', AUTO_INCREMENT=38;

--
-- AUTO_INCREMENT for table `attraction_types`
--
ALTER TABLE `attraction_types`
  MODIFY `att_type_id` int(11) NOT NULL AUTO_INCREMENT COMMENT 'รหัสประเภท', AUTO_INCREMENT=6;

--
-- AUTO_INCREMENT for table `images`
--
ALTER TABLE `images`
  MODIFY `img_id` int(11) NOT NULL AUTO_INCREMENT COMMENT 'รหัสรูปภาพ', AUTO_INCREMENT=125;

--
-- Constraints for dumped tables
--

--
-- Constraints for table `attractions`
--
ALTER TABLE `attractions`
  ADD CONSTRAINT `attractions_ibfk_1` FOREIGN KEY (`att_type_id`) REFERENCES `attraction_types` (`att_type_id`);

--
-- Constraints for table `images`
--
ALTER TABLE `images`
  ADD CONSTRAINT `images_ibfk_1` FOREIGN KEY (`att_id`) REFERENCES `attractions` (`att_id`);
COMMIT;

/*!40101 SET CHARACTER_SET_CLIENT=@OLD_CHARACTER_SET_CLIENT */;
/*!40101 SET CHARACTER_SET_RESULTS=@OLD_CHARACTER_SET_RESULTS */;
/*!40101 SET COLLATION_CONNECTION=@OLD_COLLATION_CONNECTION */;
